mutant,mutated_sequence,Phenylethylamine Activity,(4-Chlorophenyl)phenylmethanamine Activity,1_3-Diphenyl-propane-1-amine Activity
V262Q:G332S:E280V:R46T,MLKNDQLDQWDRDNFFHPSTHLAQHARGESANRVIKTASGVFIEDTDGTKLLDAFAGLWCVNVGYGRQEIAEAIADQARELAYYHSFVGHGTEASITLAKMILDRAPKNMSKVYFGLGGSDANETNVKLIWYYNNILGRPEKKKIISRWRGFHGSGLVTGSLTGLELFHKKFDLPVEQVIHTEAPYYFRREDLNQTEEQFVAHCVAELEALIEREGADTIAAFIGEPILGAGGIVPPPAGYWEAIQTVLNKHDILLVADEVQTGFGRLGTMFGSDHYGLVPDIITIAKGLTSAYAPLSGSIVSDKVWKVLEQGTDENGPIGHGWTYSAHPISAAAGVANLKLLDELNLVSNAGEVGAYLNATMAEALSQHANVGDVRGEGLLCAVEFVKDRDSRTFFDAADKIGPQISAKLLEQDKIIARAMPQGDILGFAPPFCLTRAEADQVVEGTLRAVKAVLGSLEHHHHHH,,,
N250K:F87Q:L167A:P281S,MLKNDQLDQWDRDNFFHPSTHLAQHARGESANRVIKTASGVFIEDRDGTKLLDAFAGLWCVNVGYGRQEIAEAIADQARELAYYHSQVGHGTEASITLAKMILDRAPKNMSKVYFGLGGSDANETNVKLIWYYNNILGRPEKKKIISRWRGFHGSGLVTGSLTGLEAFHKKFDLPVEQVIHTEAPYYFRREDLNQTEEQFVAHCVAELEALIEREGADTIAAFIGEPILGAGGIVPPPAGYWEAIQTVLKKHDILLVADEVVTGFGRLGTMFGSDHYGLESDIITIAKGLTSAYAPLSGSIVSDKVWKVLEQGTDENGPIGHGWTYSAHPIGAAAGVANLKLLDELNLVSNAGEVGAYLNATMAEALSQHANVGDVRGEGLLCAVEFVKDRDSRTFFDAADKIGPQISAKLLEQDKIIARAMPQGDILGFAPPFCLTRAEADQVVEGTLRAVKAVLGSLEHHHHHH,,,
G332C:R420L:L58W:Q369G,MLKNDQLDQWDRDNFFHPSTHLAQHARGESANRVIKTASGVFIEDRDGTKLLDAFAGWWCVNVGYGRQEIAEAIADQARELAYYHSFVGHGTEASITLAKMILDRAPKNMSKVYFGLGGSDANETNVKLIWYYNNILGRPEKKKIISRWRGFHGSGLVTGSLTGLELFHKKFDLPVEQVIHTEAPYYFRREDLNQTEEQFVAHCVAELEALIEREGADTIAAFIGEPILGAGGIVPPPAGYWEAIQTVLNKHDILLVADEVVTGFGRLGTMFGSDHYGLEPDIITIAKGLTSAYAPLSGSIVSDKVWKVLEQGTDENGPIGHGWTYSAHPICAAAGVANLKLLDELNLVSNAGEVGAYLNATMAEALSGHANVGDVRGEGLLCAVEFVKDRDSRTFFDAADKIGPQISAKLLEQDKIIALAMPQGDILGFAPPFCLTRAEADQVVEGTLRAVKAVLGSLEHHHHHH,,,
A71I:K402V:W59A:E177G,MLKNDQLDQWDRDNFFHPSTHLAQHARGESANRVIKTASGVFIEDRDGTKLLDAFAGLACVNVGYGRQEIIEAIADQARELAYYHSFVGHGTEASITLAKMILDRAPKNMSKVYFGLGGSDANETNVKLIWYYNNILGRPEKKKIISRWRGFHGSGLVTGSLTGLELFHKKFDLPVGQVIHTEAPYYFRREDLNQTEEQFVAHCVAELEALIEREGADTIAAFIGEPILGAGGIVPPPAGYWEAIQTVLNKHDILLVADEVVTGFGRLGTMFGSDHYGLEPDIITIAKGLTSAYAPLSGSIVSDKVWKVLEQGTDENGPIGHGWTYSAHPIGAAAGVANLKLLDELNLVSNAGEVGAYLNATMAEALSQHANVGDVRGEGLLCAVEFVKDRDSRTFFDAADVIGPQISAKLLEQDKIIARAMPQGDILGFAPPFCLTRAEADQVVEGTLRAVKAVLGSLEHHHHHH,,,
P423L:G429Y:R394K:A399Q,MLKNDQLDQWDRDNFFHPSTHLAQHARGESANRVIKTASGVFIEDRDGTKLLDAFAGLWCVNVGYGRQEIAEAIADQARELAYYHSFVGHGTEASITLAKMILDRAPKNMSKVYFGLGGSDANETNVKLIWYYNNILGRPEKKKIISRWRGFHGSGLVTGSLTGLELFHKKFDLPVEQVIHTEAPYYFRREDLNQTEEQFVAHCVAELEALIEREGADTIAAFIGEPILGAGGIVPPPAGYWEAIQTVLNKHDILLVADEVVTGFGRLGTMFGSDHYGLEPDIITIAKGLTSAYAPLSGSIVSDKVWKVLEQGTDENGPIGHGWTYSAHPIGAAAGVANLKLLDELNLVSNAGEVGAYLNATMAEALSQHANVGDVRGEGLLCAVEFVKDRDSKTFFDQADKIGPQISAKLLEQDKIIARAMLQGDILYFAPPFCLTRAEADQVVEGTLRAVKAVLGSLEHHHHHH,,,
W59F:E280K:L167N:R214A,MLKNDQLDQWDRDNFFHPSTHLAQHARGESANRVIKTASGVFIEDRDGTKLLDAFAGLFCVNVGYGRQEIAEAIADQARELAYYHSFVGHGTEASITLAKMILDRAPKNMSKVYFGLGGSDANETNVKLIWYYNNILGRPEKKKIISRWRGFHGSGLVTGSLTGLENFHKKFDLPVEQVIHTEAPYYFRREDLNQTEEQFVAHCVAELEALIEAEGADTIAAFIGEPILGAGGIVPPPAGYWEAIQTVLNKHDILLVADEVVTGFGRLGTMFGSDHYGLKPDIITIAKGLTSAYAPLSGSIVSDKVWKVLEQGTDENGPIGHGWTYSAHPIGAAAGVANLKLLDELNLVSNAGEVGAYLNATMAEALSQHANVGDVRGEGLLCAVEFVKDRDSRTFFDAADKIGPQISAKLLEQDKIIARAMPQGDILGFAPPFCLTRAEADQVVEGTLRAVKAVLGSLEHHHHHH,,,
K402V:C60P:Q369D:D392E,MLKNDQLDQWDRDNFFHPSTHLAQHARGESANRVIKTASGVFIEDRDGTKLLDAFAGLWPVNVGYGRQEIAEAIADQARELAYYHSFVGHGTEASITLAKMILDRAPKNMSKVYFGLGGSDANETNVKLIWYYNNILGRPEKKKIISRWRGFHGSGLVTGSLTGLELFHKKFDLPVEQVIHTEAPYYFRREDLNQTEEQFVAHCVAELEALIEREGADTIAAFIGEPILGAGGIVPPPAGYWEAIQTVLNKHDILLVADEVVTGFGRLGTMFGSDHYGLEPDIITIAKGLTSAYAPLSGSIVSDKVWKVLEQGTDENGPIGHGWTYSAHPIGAAAGVANLKLLDELNLVSNAGEVGAYLNATMAEALSDHANVGDVRGEGLLCAVEFVKDRESRTFFDAADVIGPQISAKLLEQDKIIARAMPQGDILGFAPPFCLTRAEADQVVEGTLRAVKAVLGSLEHHHHHH,,,
P423G:H85M:S120A:L167V,MLKNDQLDQWDRDNFFHPSTHLAQHARGESANRVIKTASGVFIEDRDGTKLLDAFAGLWCVNVGYGRQEIAEAIADQARELAYYMSFVGHGTEASITLAKMILDRAPKNMSKVYFGLGGADANETNVKLIWYYNNILGRPEKKKIISRWRGFHGSGLVTGSLTGLEVFHKKFDLPVEQVIHTEAPYYFRREDLNQTEEQFVAHCVAELEALIEREGADTIAAFIGEPILGAGGIVPPPAGYWEAIQTVLNKHDILLVADEVVTGFGRLGTMFGSDHYGLEPDIITIAKGLTSAYAPLSGSIVSDKVWKVLEQGTDENGPIGHGWTYSAHPIGAAAGVANLKLLDELNLVSNAGEVGAYLNATMAEALSQHANVGDVRGEGLLCAVEFVKDRDSRTFFDAADKIGPQISAKLLEQDKIIARAMGQGDILGFAPPFCLTRAEADQVVEGTLRAVKAVLGSLEHHHHHH,,,
L167N:L58W:P281A:M422A,MLKNDQLDQWDRDNFFHPSTHLAQHARGESANRVIKTASGVFIEDRDGTKLLDAFAGWWCVNVGYGRQEIAEAIADQARELAYYHSFVGHGTEASITLAKMILDRAPKNMSKVYFGLGGSDANETNVKLIWYYNNILGRPEKKKIISRWRGFHGSGLVTGSLTGLENFHKKFDLPVEQVIHTEAPYYFRREDLNQTEEQFVAHCVAELEALIEREGADTIAAFIGEPILGAGGIVPPPAGYWEAIQTVLNKHDILLVADEVVTGFGRLGTMFGSDHYGLEADIITIAKGLTSAYAPLSGSIVSDKVWKVLEQGTDENGPIGHGWTYSAHPIGAAAGVANLKLLDELNLVSNAGEVGAYLNATMAEALSQHANVGDVRGEGLLCAVEFVKDRDSRTFFDAADKIGPQISAKLLEQDKIIARAAPQGDILGFAPPFCLTRAEADQVVEGTLRAVKAVLGSLEHHHHHH,,,
H85M:E29A:Q369G:R391P,MLKNDQLDQWDRDNFFHPSTHLAQHARGASANRVIKTASGVFIEDRDGTKLLDAFAGLWCVNVGYGRQEIAEAIADQARELAYYMSFVGHGTEASITLAKMILDRAPKNMSKVYFGLGGSDANETNVKLIWYYNNILGRPEKKKIISRWRGFHGSGLVTGSLTGLELFHKKFDLPVEQVIHTEAPYYFRREDLNQTEEQFVAHCVAELEALIEREGADTIAAFIGEPILGAGGIVPPPAGYWEAIQTVLNKHDILLVADEVVTGFGRLGTMFGSDHYGLEPDIITIAKGLTSAYAPLSGSIVSDKVWKVLEQGTDENGPIGHGWTYSAHPIGAAAGVANLKLLDELNLVSNAGEVGAYLNATMAEALSGHANVGDVRGEGLLCAVEFVKDPDSRTFFDAADKIGPQISAKLLEQDKIIARAMPQGDILGFAPPFCLTRAEADQVVEGTLRAVKAVLGSLEHHHHHH,,,
I234F:N250D:L167V:M422A,MLKNDQLDQWDRDNFFHPSTHLAQHARGESANRVIKTASGVFIEDRDGTKLLDAFAGLWCVNVGYGRQEIAEAIADQARELAYYHSFVGHGTEASITLAKMILDRAPKNMSKVYFGLGGSDANETNVKLIWYYNNILGRPEKKKIISRWRGFHGSGLVTGSLTGLEVFHKKFDLPVEQVIHTEAPYYFRREDLNQTEEQFVAHCVAELEALIEREGADTIAAFIGEPILGAGGFVPPPAGYWEAIQTVLDKHDILLVADEVVTGFGRLGTMFGSDHYGLEPDIITIAKGLTSAYAPLSGSIVSDKVWKVLEQGTDENGPIGHGWTYSAHPIGAAAGVANLKLLDELNLVSNAGEVGAYLNATMAEALSQHANVGDVRGEGLLCAVEFVKDRDSRTFFDAADKIGPQISAKLLEQDKIIARAAPQGDILGFAPPFCLTRAEADQVVEGTLRAVKAVLGSLEHHHHHH,,,
G332S:R420A:W59A:E29A,MLKNDQLDQWDRDNFFHPSTHLAQHARGASANRVIKTASGVFIEDRDGTKLLDAFAGLACVNVGYGRQEIAEAIADQARELAYYHSFVGHGTEASITLAKMILDRAPKNMSKVYFGLGGSDANETNVKLIWYYNNILGRPEKKKIISRWRGFHGSGLVTGSLTGLELFHKKFDLPVEQVIHTEAPYYFRREDLNQTEEQFVAHCVAELEALIEREGADTIAAFIGEPILGAGGIVPPPAGYWEAIQTVLNKHDILLVADEVVTGFGRLGTMFGSDHYGLEPDIITIAKGLTSAYAPLSGSIVSDKVWKVLEQGTDENGPIGHGWTYSAHPISAAAGVANLKLLDELNLVSNAGEVGAYLNATMAEALSQHANVGDVRGEGLLCAVEFVKDRDSRTFFDAADKIGPQISAKLLEQDKIIAAAMPQGDILGFAPPFCLTRAEADQVVEGTLRAVKAVLGSLEHHHHHH,,,
H85G:R46T:Q369D:A399Q,MLKNDQLDQWDRDNFFHPSTHLAQHARGESANRVIKTASGVFIEDTDGTKLLDAFAGLWCVNVGYGRQEIAEAIADQARELAYYGSFVGHGTEASITLAKMILDRAPKNMSKVYFGLGGSDANETNVKLIWYYNNILGRPEKKKIISRWRGFHGSGLVTGSLTGLELFHKKFDLPVEQVIHTEAPYYFRREDLNQTEEQFVAHCVAELEALIEREGADTIAAFIGEPILGAGGIVPPPAGYWEAIQTVLNKHDILLVADEVVTGFGRLGTMFGSDHYGLEPDIITIAKGLTSAYAPLSGSIVSDKVWKVLEQGTDENGPIGHGWTYSAHPIGAAAGVANLKLLDELNLVSNAGEVGAYLNATMAEALSDHANVGDVRGEGLLCAVEFVKDRDSRTFFDQADKIGPQISAKLLEQDKIIARAMPQGDILGFAPPFCLTRAEADQVVEGTLRAVKAVLGSLEHHHHHH,,,
A231T:Y83S:C60P:F168L,MLKNDQLDQWDRDNFFHPSTHLAQHARGESANRVIKTASGVFIEDRDGTKLLDAFAGLWPVNVGYGRQEIAEAIADQARELASYHSFVGHGTEASITLAKMILDRAPKNMSKVYFGLGGSDANETNVKLIWYYNNILGRPEKKKIISRWRGFHGSGLVTGSLTGLELLHKKFDLPVEQVIHTEAPYYFRREDLNQTEEQFVAHCVAELEALIEREGADTIAAFIGEPILGTGGIVPPPAGYWEAIQTVLNKHDILLVADEVVTGFGRLGTMFGSDHYGLEPDIITIAKGLTSAYAPLSGSIVSDKVWKVLEQGTDENGPIGHGWTYSAHPIGAAAGVANLKLLDELNLVSNAGEVGAYLNATMAEALSQHANVGDVRGEGLLCAVEFVKDRDSRTFFDAADKIGPQISAKLLEQDKIIARAMPQGDILGFAPPFCLTRAEADQVVEGTLRAVKAVLGSLEHHHHHH,,,
S368A:S393D:M422L:H90R,MLKNDQLDQWDRDNFFHPSTHLAQHARGESANRVIKTASGVFIEDRDGTKLLDAFAGLWCVNVGYGRQEIAEAIADQARELAYYHSFVGRGTEASITLAKMILDRAPKNMSKVYFGLGGSDANETNVKLIWYYNNILGRPEKKKIISRWRGFHGSGLVTGSLTGLELFHKKFDLPVEQVIHTEAPYYFRREDLNQTEEQFVAHCVAELEALIEREGADTIAAFIGEPILGAGGIVPPPAGYWEAIQTVLNKHDILLVADEVVTGFGRLGTMFGSDHYGLEPDIITIAKGLTSAYAPLSGSIVSDKVWKVLEQGTDENGPIGHGWTYSAHPIGAAAGVANLKLLDELNLVSNAGEVGAYLNATMAEALAQHANVGDVRGEGLLCAVEFVKDRDDRTFFDAADKIGPQISAKLLEQDKIIARALPQGDILGFAPPFCLTRAEADQVVEGTLRAVKAVLGSLEHHHHHH,,,
I234V:W59F:S86T:E177G,MLKNDQLDQWDRDNFFHPSTHLAQHARGESANRVIKTASGVFIEDRDGTKLLDAFAGLFCVNVGYGRQEIAEAIADQARELAYYHTFVGHGTEASITLAKMILDRAPKNMSKVYFGLGGSDANETNVKLIWYYNNILGRPEKKKIISRWRGFHGSGLVTGSLTGLELFHKKFDLPVGQVIHTEAPYYFRREDLNQTEEQFVAHCVAELEALIEREGADTIAAFIGEPILGAGGVVPPPAGYWEAIQTVLNKHDILLVADEVVTGFGRLGTMFGSDHYGLEPDIITIAKGLTSAYAPLSGSIVSDKVWKVLEQGTDENGPIGHGWTYSAHPIGAAAGVANLKLLDELNLVSNAGEVGAYLNATMAEALSQHANVGDVRGEGLLCAVEFVKDRDSRTFFDAADKIGPQISAKLLEQDKIIARAMPQGDILGFAPPFCLTRAEADQVVEGTLRAVKAVLGSLEHHHHHH,,,
C60P:Q369G:L165I:F168N,MLKNDQLDQWDRDNFFHPSTHLAQHARGESANRVIKTASGVFIEDRDGTKLLDAFAGLWPVNVGYGRQEIAEAIADQARELAYYHSFVGHGTEASITLAKMILDRAPKNMSKVYFGLGGSDANETNVKLIWYYNNILGRPEKKKIISRWRGFHGSGLVTGSLTGIELNHKKFDLPVEQVIHTEAPYYFRREDLNQTEEQFVAHCVAELEALIEREGADTIAAFIGEPILGAGGIVPPPAGYWEAIQTVLNKHDILLVADEVVTGFGRLGTMFGSDHYGLEPDIITIAKGLTSAYAPLSGSIVSDKVWKVLEQGTDENGPIGHGWTYSAHPIGAAAGVANLKLLDELNLVSNAGEVGAYLNATMAEALSGHANVGDVRGEGLLCAVEFVKDRDSRTFFDAADKIGPQISAKLLEQDKIIARAMPQGDILGFAPPFCLTRAEADQVVEGTLRAVKAVLGSLEHHHHHH,,,
N250Y:V262A:W59Y:F168N,MLKNDQLDQWDRDNFFHPSTHLAQHARGESANRVIKTASGVFIEDRDGTKLLDAFAGLYCVNVGYGRQEIAEAIADQARELAYYHSFVGHGTEASITLAKMILDRAPKNMSKVYFGLGGSDANETNVKLIWYYNNILGRPEKKKIISRWRGFHGSGLVTGSLTGLELNHKKFDLPVEQVIHTEAPYYFRREDLNQTEEQFVAHCVAELEALIEREGADTIAAFIGEPILGAGGIVPPPAGYWEAIQTVLYKHDILLVADEVATGFGRLGTMFGSDHYGLEPDIITIAKGLTSAYAPLSGSIVSDKVWKVLEQGTDENGPIGHGWTYSAHPIGAAAGVANLKLLDELNLVSNAGEVGAYLNATMAEALSQHANVGDVRGEGLLCAVEFVKDRDSRTFFDAADKIGPQISAKLLEQDKIIARAMPQGDILGFAPPFCLTRAEADQVVEGTLRAVKAVLGSLEHHHHHH,,,
N250R:H85G:Y83S:M422T,MLKNDQLDQWDRDNFFHPSTHLAQHARGESANRVIKTASGVFIEDRDGTKLLDAFAGLWCVNVGYGRQEIAEAIADQARELASYGSFVGHGTEASITLAKMILDRAPKNMSKVYFGLGGSDANETNVKLIWYYNNILGRPEKKKIISRWRGFHGSGLVTGSLTGLELFHKKFDLPVEQVIHTEAPYYFRREDLNQTEEQFVAHCVAELEALIEREGADTIAAFIGEPILGAGGIVPPPAGYWEAIQTVLRKHDILLVADEVVTGFGRLGTMFGSDHYGLEPDIITIAKGLTSAYAPLSGSIVSDKVWKVLEQGTDENGPIGHGWTYSAHPIGAAAGVANLKLLDELNLVSNAGEVGAYLNATMAEALSQHANVGDVRGEGLLCAVEFVKDRDSRTFFDAADKIGPQISAKLLEQDKIIARATPQGDILGFAPPFCLTRAEADQVVEGTLRAVKAVLGSLEHHHHHH,,,
F87Y:Y83S:A399P:L165M,MLKNDQLDQWDRDNFFHPSTHLAQHARGESANRVIKTASGVFIEDRDGTKLLDAFAGLWCVNVGYGRQEIAEAIADQARELASYHSYVGHGTEASITLAKMILDRAPKNMSKVYFGLGGSDANETNVKLIWYYNNILGRPEKKKIISRWRGFHGSGLVTGSLTGMELFHKKFDLPVEQVIHTEAPYYFRREDLNQTEEQFVAHCVAELEALIEREGADTIAAFIGEPILGAGGIVPPPAGYWEAIQTVLNKHDILLVADEVVTGFGRLGTMFGSDHYGLEPDIITIAKGLTSAYAPLSGSIVSDKVWKVLEQGTDENGPIGHGWTYSAHPIGAAAGVANLKLLDELNLVSNAGEVGAYLNATMAEALSQHANVGDVRGEGLLCAVEFVKDRDSRTFFDPADKIGPQISAKLLEQDKIIARAMPQGDILGFAPPFCLTRAEADQVVEGTLRAVKAVLGSLEHHHHHH,,,
N250R:F87L:H252R:Q369D,MLKNDQLDQWDRDNFFHPSTHLAQHARGESANRVIKTASGVFIEDRDGTKLLDAFAGLWCVNVGYGRQEIAEAIADQARELAYYHSLVGHGTEASITLAKMILDRAPKNMSKVYFGLGGSDANETNVKLIWYYNNILGRPEKKKIISRWRGFHGSGLVTGSLTGLELFHKKFDLPVEQVIHTEAPYYFRREDLNQTEEQFVAHCVAELEALIEREGADTIAAFIGEPILGAGGIVPPPAGYWEAIQTVLRKRDILLVADEVVTGFGRLGTMFGSDHYGLEPDIITIAKGLTSAYAPLSGSIVSDKVWKVLEQGTDENGPIGHGWTYSAHPIGAAAGVANLKLLDELNLVSNAGEVGAYLNATMAEALSDHANVGDVRGEGLLCAVEFVKDRDSRTFFDAADKIGPQISAKLLEQDKIIARAMPQGDILGFAPPFCLTRAEADQVVEGTLRAVKAVLGSLEHHHHHH,,,
W59L:R46T:D401R:S19W,MLKNDQLDQWDRDNFFHPWTHLAQHARGESANRVIKTASGVFIEDTDGTKLLDAFAGLLCVNVGYGRQEIAEAIADQARELAYYHSFVGHGTEASITLAKMILDRAPKNMSKVYFGLGGSDANETNVKLIWYYNNILGRPEKKKIISRWRGFHGSGLVTGSLTGLELFHKKFDLPVEQVIHTEAPYYFRREDLNQTEEQFVAHCVAELEALIEREGADTIAAFIGEPILGAGGIVPPPAGYWEAIQTVLNKHDILLVADEVVTGFGRLGTMFGSDHYGLEPDIITIAKGLTSAYAPLSGSIVSDKVWKVLEQGTDENGPIGHGWTYSAHPIGAAAGVANLKLLDELNLVSNAGEVGAYLNATMAEALSQHANVGDVRGEGLLCAVEFVKDRDSRTFFDAARKIGPQISAKLLEQDKIIARAMPQGDILGFAPPFCLTRAEADQVVEGTLRAVKAVLGSLEHHHHHH,,,
I234M:L382I:H85G:R391K,MLKNDQLDQWDRDNFFHPSTHLAQHARGESANRVIKTASGVFIEDRDGTKLLDAFAGLWCVNVGYGRQEIAEAIADQARELAYYGSFVGHGTEASITLAKMILDRAPKNMSKVYFGLGGSDANETNVKLIWYYNNILGRPEKKKIISRWRGFHGSGLVTGSLTGLELFHKKFDLPVEQVIHTEAPYYFRREDLNQTEEQFVAHCVAELEALIEREGADTIAAFIGEPILGAGGMVPPPAGYWEAIQTVLNKHDILLVADEVVTGFGRLGTMFGSDHYGLEPDIITIAKGLTSAYAPLSGSIVSDKVWKVLEQGTDENGPIGHGWTYSAHPIGAAAGVANLKLLDELNLVSNAGEVGAYLNATMAEALSQHANVGDVRGEGLICAVEFVKDKDSRTFFDAADKIGPQISAKLLEQDKIIARAMPQGDILGFAPPFCLTRAEADQVVEGTLRAVKAVLGSLEHHHHHH,,,
L382F:R420A:P423A:F168Y,MLKNDQLDQWDRDNFFHPSTHLAQHARGESANRVIKTASGVFIEDRDGTKLLDAFAGLWCVNVGYGRQEIAEAIADQARELAYYHSFVGHGTEASITLAKMILDRAPKNMSKVYFGLGGSDANETNVKLIWYYNNILGRPEKKKIISRWRGFHGSGLVTGSLTGLELYHKKFDLPVEQVIHTEAPYYFRREDLNQTEEQFVAHCVAELEALIEREGADTIAAFIGEPILGAGGIVPPPAGYWEAIQTVLNKHDILLVADEVVTGFGRLGTMFGSDHYGLEPDIITIAKGLTSAYAPLSGSIVSDKVWKVLEQGTDENGPIGHGWTYSAHPIGAAAGVANLKLLDELNLVSNAGEVGAYLNATMAEALSQHANVGDVRGEGLFCAVEFVKDRDSRTFFDAADKIGPQISAKLLEQDKIIAAAMAQGDILGFAPPFCLTRAEADQVVEGTLRAVKAVLGSLEHHHHHH,,,
I234V:A231S:R391K:H90R,MLKNDQLDQWDRDNFFHPSTHLAQHARGESANRVIKTASGVFIEDRDGTKLLDAFAGLWCVNVGYGRQEIAEAIADQARELAYYHSFVGRGTEASITLAKMILDRAPKNMSKVYFGLGGSDANETNVKLIWYYNNILGRPEKKKIISRWRGFHGSGLVTGSLTGLELFHKKFDLPVEQVIHTEAPYYFRREDLNQTEEQFVAHCVAELEALIEREGADTIAAFIGEPILGSGGVVPPPAGYWEAIQTVLNKHDILLVADEVVTGFGRLGTMFGSDHYGLEPDIITIAKGLTSAYAPLSGSIVSDKVWKVLEQGTDENGPIGHGWTYSAHPIGAAAGVANLKLLDELNLVSNAGEVGAYLNATMAEALSQHANVGDVRGEGLLCAVEFVKDKDSRTFFDAADKIGPQISAKLLEQDKIIARAMPQGDILGFAPPFCLTRAEADQVVEGTLRAVKAVLGSLEHHHHHH,,,
L382M:H252R:C60P:R394K,MLKNDQLDQWDRDNFFHPSTHLAQHARGESANRVIKTASGVFIEDRDGTKLLDAFAGLWPVNVGYGRQEIAEAIADQARELAYYHSFVGHGTEASITLAKMILDRAPKNMSKVYFGLGGSDANETNVKLIWYYNNILGRPEKKKIISRWRGFHGSGLVTGSLTGLELFHKKFDLPVEQVIHTEAPYYFRREDLNQTEEQFVAHCVAELEALIEREGADTIAAFIGEPILGAGGIVPPPAGYWEAIQTVLNKRDILLVADEVVTGFGRLGTMFGSDHYGLEPDIITIAKGLTSAYAPLSGSIVSDKVWKVLEQGTDENGPIGHGWTYSAHPIGAAAGVANLKLLDELNLVSNAGEVGAYLNATMAEALSQHANVGDVRGEGLMCAVEFVKDRDSKTFFDAADKIGPQISAKLLEQDKIIARAMPQGDILGFAPPFCLTRAEADQVVEGTLRAVKAVLGSLEHHHHHH,,,
A71V:P423H:L167S:F168Y,MLKNDQLDQWDRDNFFHPSTHLAQHARGESANRVIKTASGVFIEDRDGTKLLDAFAGLWCVNVGYGRQEIVEAIADQARELAYYHSFVGHGTEASITLAKMILDRAPKNMSKVYFGLGGSDANETNVKLIWYYNNILGRPEKKKIISRWRGFHGSGLVTGSLTGLESYHKKFDLPVEQVIHTEAPYYFRREDLNQTEEQFVAHCVAELEALIEREGADTIAAFIGEPILGAGGIVPPPAGYWEAIQTVLNKHDILLVADEVVTGFGRLGTMFGSDHYGLEPDIITIAKGLTSAYAPLSGSIVSDKVWKVLEQGTDENGPIGHGWTYSAHPIGAAAGVANLKLLDELNLVSNAGEVGAYLNATMAEALSQHANVGDVRGEGLLCAVEFVKDRDSRTFFDAADKIGPQISAKLLEQDKIIARAMHQGDILGFAPPFCLTRAEADQVVEGTLRAVKAVLGSLEHHHHHH,,,
N250D:V262M:F152W:H90K,MLKNDQLDQWDRDNFFHPSTHLAQHARGESANRVIKTASGVFIEDRDGTKLLDAFAGLWCVNVGYGRQEIAEAIADQARELAYYHSFVGKGTEASITLAKMILDRAPKNMSKVYFGLGGSDANETNVKLIWYYNNILGRPEKKKIISRWRGWHGSGLVTGSLTGLELFHKKFDLPVEQVIHTEAPYYFRREDLNQTEEQFVAHCVAELEALIEREGADTIAAFIGEPILGAGGIVPPPAGYWEAIQTVLDKHDILLVADEVMTGFGRLGTMFGSDHYGLEPDIITIAKGLTSAYAPLSGSIVSDKVWKVLEQGTDENGPIGHGWTYSAHPIGAAAGVANLKLLDELNLVSNAGEVGAYLNATMAEALSQHANVGDVRGEGLLCAVEFVKDRDSRTFFDAADKIGPQISAKLLEQDKIIARAMPQGDILGFAPPFCLTRAEADQVVEGTLRAVKAVLGSLEHHHHHH,,,
N250K:S86A:D47Q:R394G,MLKNDQLDQWDRDNFFHPSTHLAQHARGESANRVIKTASGVFIEDRQGTKLLDAFAGLWCVNVGYGRQEIAEAIADQARELAYYHAFVGHGTEASITLAKMILDRAPKNMSKVYFGLGGSDANETNVKLIWYYNNILGRPEKKKIISRWRGFHGSGLVTGSLTGLELFHKKFDLPVEQVIHTEAPYYFRREDLNQTEEQFVAHCVAELEALIEREGADTIAAFIGEPILGAGGIVPPPAGYWEAIQTVLKKHDILLVADEVVTGFGRLGTMFGSDHYGLEPDIITIAKGLTSAYAPLSGSIVSDKVWKVLEQGTDENGPIGHGWTYSAHPIGAAAGVANLKLLDELNLVSNAGEVGAYLNATMAEALSQHANVGDVRGEGLLCAVEFVKDRDSGTFFDAADKIGPQISAKLLEQDKIIARAMPQGDILGFAPPFCLTRAEADQVVEGTLRAVKAVLGSLEHHHHHH,,,
V262I:D47Q:M422T:H90K,MLKNDQLDQWDRDNFFHPSTHLAQHARGESANRVIKTASGVFIEDRQGTKLLDAFAGLWCVNVGYGRQEIAEAIADQARELAYYHSFVGKGTEASITLAKMILDRAPKNMSKVYFGLGGSDANETNVKLIWYYNNILGRPEKKKIISRWRGFHGSGLVTGSLTGLELFHKKFDLPVEQVIHTEAPYYFRREDLNQTEEQFVAHCVAELEALIEREGADTIAAFIGEPILGAGGIVPPPAGYWEAIQTVLNKHDILLVADEVITGFGRLGTMFGSDHYGLEPDIITIAKGLTSAYAPLSGSIVSDKVWKVLEQGTDENGPIGHGWTYSAHPIGAAAGVANLKLLDELNLVSNAGEVGAYLNATMAEALSQHANVGDVRGEGLLCAVEFVKDRDSRTFFDAADKIGPQISAKLLEQDKIIARATPQGDILGFAPPFCLTRAEADQVVEGTLRAVKAVLGSLEHHHHHH,,,
G332S:D392E:D401L:H90K,MLKNDQLDQWDRDNFFHPSTHLAQHARGESANRVIKTASGVFIEDRDGTKLLDAFAGLWCVNVGYGRQEIAEAIADQARELAYYHSFVGKGTEASITLAKMILDRAPKNMSKVYFGLGGSDANETNVKLIWYYNNILGRPEKKKIISRWRGFHGSGLVTGSLTGLELFHKKFDLPVEQVIHTEAPYYFRREDLNQTEEQFVAHCVAELEALIEREGADTIAAFIGEPILGAGGIVPPPAGYWEAIQTVLNKHDILLVADEVVTGFGRLGTMFGSDHYGLEPDIITIAKGLTSAYAPLSGSIVSDKVWKVLEQGTDENGPIGHGWTYSAHPISAAAGVANLKLLDELNLVSNAGEVGAYLNATMAEALSQHANVGDVRGEGLLCAVEFVKDRESRTFFDAALKIGPQISAKLLEQDKIIARAMPQGDILGFAPPFCLTRAEADQVVEGTLRAVKAVLGSLEHHHHHH,,,
P423H:W59G:Q369D:D398E,MLKNDQLDQWDRDNFFHPSTHLAQHARGESANRVIKTASGVFIEDRDGTKLLDAFAGLGCVNVGYGRQEIAEAIADQARELAYYHSFVGHGTEASITLAKMILDRAPKNMSKVYFGLGGSDANETNVKLIWYYNNILGRPEKKKIISRWRGFHGSGLVTGSLTGLELFHKKFDLPVEQVIHTEAPYYFRREDLNQTEEQFVAHCVAELEALIEREGADTIAAFIGEPILGAGGIVPPPAGYWEAIQTVLNKHDILLVADEVVTGFGRLGTMFGSDHYGLEPDIITIAKGLTSAYAPLSGSIVSDKVWKVLEQGTDENGPIGHGWTYSAHPIGAAAGVANLKLLDELNLVSNAGEVGAYLNATMAEALSDHANVGDVRGEGLLCAVEFVKDRDSRTFFEAADKIGPQISAKLLEQDKIIARAMHQGDILGFAPPFCLTRAEADQVVEGTLRAVKAVLGSLEHHHHHH,,,
K402N:W59F:Y83H:D47E,MLKNDQLDQWDRDNFFHPSTHLAQHARGESANRVIKTASGVFIEDREGTKLLDAFAGLFCVNVGYGRQEIAEAIADQARELAHYHSFVGHGTEASITLAKMILDRAPKNMSKVYFGLGGSDANETNVKLIWYYNNILGRPEKKKIISRWRGFHGSGLVTGSLTGLELFHKKFDLPVEQVIHTEAPYYFRREDLNQTEEQFVAHCVAELEALIEREGADTIAAFIGEPILGAGGIVPPPAGYWEAIQTVLNKHDILLVADEVVTGFGRLGTMFGSDHYGLEPDIITIAKGLTSAYAPLSGSIVSDKVWKVLEQGTDENGPIGHGWTYSAHPIGAAAGVANLKLLDELNLVSNAGEVGAYLNATMAEALSQHANVGDVRGEGLLCAVEFVKDRDSRTFFDAADNIGPQISAKLLEQDKIIARAMPQGDILGFAPPFCLTRAEADQVVEGTLRAVKAVLGSLEHHHHHH,,,
F152Y:E280K:E177G:Y83H,MLKNDQLDQWDRDNFFHPSTHLAQHARGESANRVIKTASGVFIEDRDGTKLLDAFAGLWCVNVGYGRQEIAEAIADQARELAHYHSFVGHGTEASITLAKMILDRAPKNMSKVYFGLGGSDANETNVKLIWYYNNILGRPEKKKIISRWRGYHGSGLVTGSLTGLELFHKKFDLPVGQVIHTEAPYYFRREDLNQTEEQFVAHCVAELEALIEREGADTIAAFIGEPILGAGGIVPPPAGYWEAIQTVLNKHDILLVADEVVTGFGRLGTMFGSDHYGLKPDIITIAKGLTSAYAPLSGSIVSDKVWKVLEQGTDENGPIGHGWTYSAHPIGAAAGVANLKLLDELNLVSNAGEVGAYLNATMAEALSQHANVGDVRGEGLLCAVEFVKDRDSRTFFDAADKIGPQISAKLLEQDKIIARAMPQGDILGFAPPFCLTRAEADQVVEGTLRAVKAVLGSLEHHHHHH,,,
D398E:D401L:L165M:H90R,MLKNDQLDQWDRDNFFHPSTHLAQHARGESANRVIKTASGVFIEDRDGTKLLDAFAGLWCVNVGYGRQEIAEAIADQARELAYYHSFVGRGTEASITLAKMILDRAPKNMSKVYFGLGGSDANETNVKLIWYYNNILGRPEKKKIISRWRGFHGSGLVTGSLTGMELFHKKFDLPVEQVIHTEAPYYFRREDLNQTEEQFVAHCVAELEALIEREGADTIAAFIGEPILGAGGIVPPPAGYWEAIQTVLNKHDILLVADEVVTGFGRLGTMFGSDHYGLEPDIITIAKGLTSAYAPLSGSIVSDKVWKVLEQGTDENGPIGHGWTYSAHPIGAAAGVANLKLLDELNLVSNAGEVGAYLNATMAEALSQHANVGDVRGEGLLCAVEFVKDRDSRTFFEAALKIGPQISAKLLEQDKIIARAMPQGDILGFAPPFCLTRAEADQVVEGTLRAVKAVLGSLEHHHHHH,,,
F152W:A231S:D401G:P281S,MLKNDQLDQWDRDNFFHPSTHLAQHARGESANRVIKTASGVFIEDRDGTKLLDAFAGLWCVNVGYGRQEIAEAIADQARELAYYHSFVGHGTEASITLAKMILDRAPKNMSKVYFGLGGSDANETNVKLIWYYNNILGRPEKKKIISRWRGWHGSGLVTGSLTGLELFHKKFDLPVEQVIHTEAPYYFRREDLNQTEEQFVAHCVAELEALIEREGADTIAAFIGEPILGSGGIVPPPAGYWEAIQTVLNKHDILLVADEVVTGFGRLGTMFGSDHYGLESDIITIAKGLTSAYAPLSGSIVSDKVWKVLEQGTDENGPIGHGWTYSAHPIGAAAGVANLKLLDELNLVSNAGEVGAYLNATMAEALSQHANVGDVRGEGLLCAVEFVKDRDSRTFFDAAGKIGPQISAKLLEQDKIIARAMPQGDILGFAPPFCLTRAEADQVVEGTLRAVKAVLGSLEHHHHHH,,,
P423Q:F87Y:F152Y:A231E,MLKNDQLDQWDRDNFFHPSTHLAQHARGESANRVIKTASGVFIEDRDGTKLLDAFAGLWCVNVGYGRQEIAEAIADQARELAYYHSYVGHGTEASITLAKMILDRAPKNMSKVYFGLGGSDANETNVKLIWYYNNILGRPEKKKIISRWRGYHGSGLVTGSLTGLELFHKKFDLPVEQVIHTEAPYYFRREDLNQTEEQFVAHCVAELEALIEREGADTIAAFIGEPILGEGGIVPPPAGYWEAIQTVLNKHDILLVADEVVTGFGRLGTMFGSDHYGLEPDIITIAKGLTSAYAPLSGSIVSDKVWKVLEQGTDENGPIGHGWTYSAHPIGAAAGVANLKLLDELNLVSNAGEVGAYLNATMAEALSQHANVGDVRGEGLLCAVEFVKDRDSRTFFDAADKIGPQISAKLLEQDKIIARAMQQGDILGFAPPFCLTRAEADQVVEGTLRAVKAVLGSLEHHHHHH,,,
K402V:A231V:H252Y:S155V,MLKNDQLDQWDRDNFFHPSTHLAQHARGESANRVIKTASGVFIEDRDGTKLLDAFAGLWCVNVGYGRQEIAEAIADQARELAYYHSFVGHGTEASITLAKMILDRAPKNMSKVYFGLGGSDANETNVKLIWYYNNILGRPEKKKIISRWRGFHGVGLVTGSLTGLELFHKKFDLPVEQVIHTEAPYYFRREDLNQTEEQFVAHCVAELEALIEREGADTIAAFIGEPILGVGGIVPPPAGYWEAIQTVLNKYDILLVADEVVTGFGRLGTMFGSDHYGLEPDIITIAKGLTSAYAPLSGSIVSDKVWKVLEQGTDENGPIGHGWTYSAHPIGAAAGVANLKLLDELNLVSNAGEVGAYLNATMAEALSQHANVGDVRGEGLLCAVEFVKDRDSRTFFDAADVIGPQISAKLLEQDKIIARAMPQGDILGFAPPFCLTRAEADQVVEGTLRAVKAVLGSLEHHHHHH,,,
Q406K:S86A:R214S:R394K,MLKNDQLDQWDRDNFFHPSTHLAQHARGESANRVIKTASGVFIEDRDGTKLLDAFAGLWCVNVGYGRQEIAEAIADQARELAYYHAFVGHGTEASITLAKMILDRAPKNMSKVYFGLGGSDANETNVKLIWYYNNILGRPEKKKIISRWRGFHGSGLVTGSLTGLELFHKKFDLPVEQVIHTEAPYYFRREDLNQTEEQFVAHCVAELEALIESEGADTIAAFIGEPILGAGGIVPPPAGYWEAIQTVLNKHDILLVADEVVTGFGRLGTMFGSDHYGLEPDIITIAKGLTSAYAPLSGSIVSDKVWKVLEQGTDENGPIGHGWTYSAHPIGAAAGVANLKLLDELNLVSNAGEVGAYLNATMAEALSQHANVGDVRGEGLLCAVEFVKDRDSKTFFDAADKIGPKISAKLLEQDKIIARAMPQGDILGFAPPFCLTRAEADQVVEGTLRAVKAVLGSLEHHHHHH,,,
P423H:S86A:A399Q:L165M,MLKNDQLDQWDRDNFFHPSTHLAQHARGESANRVIKTASGVFIEDRDGTKLLDAFAGLWCVNVGYGRQEIAEAIADQARELAYYHAFVGHGTEASITLAKMILDRAPKNMSKVYFGLGGSDANETNVKLIWYYNNILGRPEKKKIISRWRGFHGSGLVTGSLTGMELFHKKFDLPVEQVIHTEAPYYFRREDLNQTEEQFVAHCVAELEALIEREGADTIAAFIGEPILGAGGIVPPPAGYWEAIQTVLNKHDILLVADEVVTGFGRLGTMFGSDHYGLEPDIITIAKGLTSAYAPLSGSIVSDKVWKVLEQGTDENGPIGHGWTYSAHPIGAAAGVANLKLLDELNLVSNAGEVGAYLNATMAEALSQHANVGDVRGEGLLCAVEFVKDRDSRTFFDQADKIGPQISAKLLEQDKIIARAMHQGDILGFAPPFCLTRAEADQVVEGTLRAVKAVLGSLEHHHHHH,,,
N250K:Q406A:D401G:M422S,MLKNDQLDQWDRDNFFHPSTHLAQHARGESANRVIKTASGVFIEDRDGTKLLDAFAGLWCVNVGYGRQEIAEAIADQARELAYYHSFVGHGTEASITLAKMILDRAPKNMSKVYFGLGGSDANETNVKLIWYYNNILGRPEKKKIISRWRGFHGSGLVTGSLTGLELFHKKFDLPVEQVIHTEAPYYFRREDLNQTEEQFVAHCVAELEALIEREGADTIAAFIGEPILGAGGIVPPPAGYWEAIQTVLKKHDILLVADEVVTGFGRLGTMFGSDHYGLEPDIITIAKGLTSAYAPLSGSIVSDKVWKVLEQGTDENGPIGHGWTYSAHPIGAAAGVANLKLLDELNLVSNAGEVGAYLNATMAEALSQHANVGDVRGEGLLCAVEFVKDRDSRTFFDAAGKIGPAISAKLLEQDKIIARASPQGDILGFAPPFCLTRAEADQVVEGTLRAVKAVLGSLEHHHHHH,,,
W59L:S155A:A56G:M422L,MLKNDQLDQWDRDNFFHPSTHLAQHARGESANRVIKTASGVFIEDRDGTKLLDAFGGLLCVNVGYGRQEIAEAIADQARELAYYHSFVGHGTEASITLAKMILDRAPKNMSKVYFGLGGSDANETNVKLIWYYNNILGRPEKKKIISRWRGFHGAGLVTGSLTGLELFHKKFDLPVEQVIHTEAPYYFRREDLNQTEEQFVAHCVAELEALIEREGADTIAAFIGEPILGAGGIVPPPAGYWEAIQTVLNKHDILLVADEVVTGFGRLGTMFGSDHYGLEPDIITIAKGLTSAYAPLSGSIVSDKVWKVLEQGTDENGPIGHGWTYSAHPIGAAAGVANLKLLDELNLVSNAGEVGAYLNATMAEALSQHANVGDVRGEGLLCAVEFVKDRDSRTFFDAADKIGPQISAKLLEQDKIIARALPQGDILGFAPPFCLTRAEADQVVEGTLRAVKAVLGSLEHHHHHH,,,
N250R:V262A:L167F:R394G,MLKNDQLDQWDRDNFFHPSTHLAQHARGESANRVIKTASGVFIEDRDGTKLLDAFAGLWCVNVGYGRQEIAEAIADQARELAYYHSFVGHGTEASITLAKMILDRAPKNMSKVYFGLGGSDANETNVKLIWYYNNILGRPEKKKIISRWRGFHGSGLVTGSLTGLEFFHKKFDLPVEQVIHTEAPYYFRREDLNQTEEQFVAHCVAELEALIEREGADTIAAFIGEPILGAGGIVPPPAGYWEAIQTVLRKHDILLVADEVATGFGRLGTMFGSDHYGLEPDIITIAKGLTSAYAPLSGSIVSDKVWKVLEQGTDENGPIGHGWTYSAHPIGAAAGVANLKLLDELNLVSNAGEVGAYLNATMAEALSQHANVGDVRGEGLLCAVEFVKDRDSGTFFDAADKIGPQISAKLLEQDKIIARAMPQGDILGFAPPFCLTRAEADQVVEGTLRAVKAVLGSLEHHHHHH,,,
W59A:S86A:A231S:A56S,MLKNDQLDQWDRDNFFHPSTHLAQHARGESANRVIKTASGVFIEDRDGTKLLDAFSGLACVNVGYGRQEIAEAIADQARELAYYHAFVGHGTEASITLAKMILDRAPKNMSKVYFGLGGSDANETNVKLIWYYNNILGRPEKKKIISRWRGFHGSGLVTGSLTGLELFHKKFDLPVEQVIHTEAPYYFRREDLNQTEEQFVAHCVAELEALIEREGADTIAAFIGEPILGSGGIVPPPAGYWEAIQTVLNKHDILLVADEVVTGFGRLGTMFGSDHYGLEPDIITIAKGLTSAYAPLSGSIVSDKVWKVLEQGTDENGPIGHGWTYSAHPIGAAAGVANLKLLDELNLVSNAGEVGAYLNATMAEALSQHANVGDVRGEGLLCAVEFVKDRDSRTFFDAADKIGPQISAKLLEQDKIIARAMPQGDILGFAPPFCLTRAEADQVVEGTLRAVKAVLGSLEHHHHHH,,,
V262A:R420K:W59G:E29K,MLKNDQLDQWDRDNFFHPSTHLAQHARGKSANRVIKTASGVFIEDRDGTKLLDAFAGLGCVNVGYGRQEIAEAIADQARELAYYHSFVGHGTEASITLAKMILDRAPKNMSKVYFGLGGSDANETNVKLIWYYNNILGRPEKKKIISRWRGFHGSGLVTGSLTGLELFHKKFDLPVEQVIHTEAPYYFRREDLNQTEEQFVAHCVAELEALIEREGADTIAAFIGEPILGAGGIVPPPAGYWEAIQTVLNKHDILLVADEVATGFGRLGTMFGSDHYGLEPDIITIAKGLTSAYAPLSGSIVSDKVWKVLEQGTDENGPIGHGWTYSAHPIGAAAGVANLKLLDELNLVSNAGEVGAYLNATMAEALSQHANVGDVRGEGLLCAVEFVKDRDSRTFFDAADKIGPQISAKLLEQDKIIAKAMPQGDILGFAPPFCLTRAEADQVVEGTLRAVKAVLGSLEHHHHHH,,,
I234V:F87Y:L167N:D47Q,MLKNDQLDQWDRDNFFHPSTHLAQHARGESANRVIKTASGVFIEDRQGTKLLDAFAGLWCVNVGYGRQEIAEAIADQARELAYYHSYVGHGTEASITLAKMILDRAPKNMSKVYFGLGGSDANETNVKLIWYYNNILGRPEKKKIISRWRGFHGSGLVTGSLTGLENFHKKFDLPVEQVIHTEAPYYFRREDLNQTEEQFVAHCVAELEALIEREGADTIAAFIGEPILGAGGVVPPPAGYWEAIQTVLNKHDILLVADEVVTGFGRLGTMFGSDHYGLEPDIITIAKGLTSAYAPLSGSIVSDKVWKVLEQGTDENGPIGHGWTYSAHPIGAAAGVANLKLLDELNLVSNAGEVGAYLNATMAEALSQHANVGDVRGEGLLCAVEFVKDRDSRTFFDAADKIGPQISAKLLEQDKIIARAMPQGDILGFAPPFCLTRAEADQVVEGTLRAVKAVLGSLEHHHHHH,,,
A71V:K402E:R420L:S155V,MLKNDQLDQWDRDNFFHPSTHLAQHARGESANRVIKTASGVFIEDRDGTKLLDAFAGLWCVNVGYGRQEIVEAIADQARELAYYHSFVGHGTEASITLAKMILDRAPKNMSKVYFGLGGSDANETNVKLIWYYNNILGRPEKKKIISRWRGFHGVGLVTGSLTGLELFHKKFDLPVEQVIHTEAPYYFRREDLNQTEEQFVAHCVAELEALIEREGADTIAAFIGEPILGAGGIVPPPAGYWEAIQTVLNKHDILLVADEVVTGFGRLGTMFGSDHYGLEPDIITIAKGLTSAYAPLSGSIVSDKVWKVLEQGTDENGPIGHGWTYSAHPIGAAAGVANLKLLDELNLVSNAGEVGAYLNATMAEALSQHANVGDVRGEGLLCAVEFVKDRDSRTFFDAADEIGPQISAKLLEQDKIIALAMPQGDILGFAPPFCLTRAEADQVVEGTLRAVKAVLGSLEHHHHHH,,,
L382F:E177A:D392A:M422S,MLKNDQLDQWDRDNFFHPSTHLAQHARGESANRVIKTASGVFIEDRDGTKLLDAFAGLWCVNVGYGRQEIAEAIADQARELAYYHSFVGHGTEASITLAKMILDRAPKNMSKVYFGLGGSDANETNVKLIWYYNNILGRPEKKKIISRWRGFHGSGLVTGSLTGLELFHKKFDLPVAQVIHTEAPYYFRREDLNQTEEQFVAHCVAELEALIEREGADTIAAFIGEPILGAGGIVPPPAGYWEAIQTVLNKHDILLVADEVVTGFGRLGTMFGSDHYGLEPDIITIAKGLTSAYAPLSGSIVSDKVWKVLEQGTDENGPIGHGWTYSAHPIGAAAGVANLKLLDELNLVSNAGEVGAYLNATMAEALSQHANVGDVRGEGLFCAVEFVKDRASRTFFDAADKIGPQISAKLLEQDKIIARASPQGDILGFAPPFCLTRAEADQVVEGTLRAVKAVLGSLEHHHHHH,,,
N250D:A71I:Q406R:P423R,MLKNDQLDQWDRDNFFHPSTHLAQHARGESANRVIKTASGVFIEDRDGTKLLDAFAGLWCVNVGYGRQEIIEAIADQARELAYYHSFVGHGTEASITLAKMILDRAPKNMSKVYFGLGGSDANETNVKLIWYYNNILGRPEKKKIISRWRGFHGSGLVTGSLTGLELFHKKFDLPVEQVIHTEAPYYFRREDLNQTEEQFVAHCVAELEALIEREGADTIAAFIGEPILGAGGIVPPPAGYWEAIQTVLDKHDILLVADEVVTGFGRLGTMFGSDHYGLEPDIITIAKGLTSAYAPLSGSIVSDKVWKVLEQGTDENGPIGHGWTYSAHPIGAAAGVANLKLLDELNLVSNAGEVGAYLNATMAEALSQHANVGDVRGEGLLCAVEFVKDRDSRTFFDAADKIGPRISAKLLEQDKIIARAMRQGDILGFAPPFCLTRAEADQVVEGTLRAVKAVLGSLEHHHHHH,,,
P423R:E177G:R394K:M422L,MLKNDQLDQWDRDNFFHPSTHLAQHARGESANRVIKTASGVFIEDRDGTKLLDAFAGLWCVNVGYGRQEIAEAIADQARELAYYHSFVGHGTEASITLAKMILDRAPKNMSKVYFGLGGSDANETNVKLIWYYNNILGRPEKKKIISRWRGFHGSGLVTGSLTGLELFHKKFDLPVGQVIHTEAPYYFRREDLNQTEEQFVAHCVAELEALIEREGADTIAAFIGEPILGAGGIVPPPAGYWEAIQTVLNKHDILLVADEVVTGFGRLGTMFGSDHYGLEPDIITIAKGLTSAYAPLSGSIVSDKVWKVLEQGTDENGPIGHGWTYSAHPIGAAAGVANLKLLDELNLVSNAGEVGAYLNATMAEALSQHANVGDVRGEGLLCAVEFVKDRDSKTFFDAADKIGPQISAKLLEQDKIIARALRQGDILGFAPPFCLTRAEADQVVEGTLRAVKAVLGSLEHHHHHH,,,
F152Y:L167S:P281S:M422A,MLKNDQLDQWDRDNFFHPSTHLAQHARGESANRVIKTASGVFIEDRDGTKLLDAFAGLWCVNVGYGRQEIAEAIADQARELAYYHSFVGHGTEASITLAKMILDRAPKNMSKVYFGLGGSDANETNVKLIWYYNNILGRPEKKKIISRWRGYHGSGLVTGSLTGLESFHKKFDLPVEQVIHTEAPYYFRREDLNQTEEQFVAHCVAELEALIEREGADTIAAFIGEPILGAGGIVPPPAGYWEAIQTVLNKHDILLVADEVVTGFGRLGTMFGSDHYGLESDIITIAKGLTSAYAPLSGSIVSDKVWKVLEQGTDENGPIGHGWTYSAHPIGAAAGVANLKLLDELNLVSNAGEVGAYLNATMAEALSQHANVGDVRGEGLLCAVEFVKDRDSRTFFDAADKIGPQISAKLLEQDKIIARAAPQGDILGFAPPFCLTRAEADQVVEGTLRAVKAVLGSLEHHHHHH,,,
L382M:Y83H:R391K:S19Y,MLKNDQLDQWDRDNFFHPYTHLAQHARGESANRVIKTASGVFIEDRDGTKLLDAFAGLWCVNVGYGRQEIAEAIADQARELAHYHSFVGHGTEASITLAKMILDRAPKNMSKVYFGLGGSDANETNVKLIWYYNNILGRPEKKKIISRWRGFHGSGLVTGSLTGLELFHKKFDLPVEQVIHTEAPYYFRREDLNQTEEQFVAHCVAELEALIEREGADTIAAFIGEPILGAGGIVPPPAGYWEAIQTVLNKHDILLVADEVVTGFGRLGTMFGSDHYGLEPDIITIAKGLTSAYAPLSGSIVSDKVWKVLEQGTDENGPIGHGWTYSAHPIGAAAGVANLKLLDELNLVSNAGEVGAYLNATMAEALSQHANVGDVRGEGLMCAVEFVKDKDSRTFFDAADKIGPQISAKLLEQDKIIARAMPQGDILGFAPPFCLTRAEADQVVEGTLRAVKAVLGSLEHHHHHH,,,
N250Y:L382I:R420A:L58I,MLKNDQLDQWDRDNFFHPSTHLAQHARGESANRVIKTASGVFIEDRDGTKLLDAFAGIWCVNVGYGRQEIAEAIADQARELAYYHSFVGHGTEASITLAKMILDRAPKNMSKVYFGLGGSDANETNVKLIWYYNNILGRPEKKKIISRWRGFHGSGLVTGSLTGLELFHKKFDLPVEQVIHTEAPYYFRREDLNQTEEQFVAHCVAELEALIEREGADTIAAFIGEPILGAGGIVPPPAGYWEAIQTVLYKHDILLVADEVVTGFGRLGTMFGSDHYGLEPDIITIAKGLTSAYAPLSGSIVSDKVWKVLEQGTDENGPIGHGWTYSAHPIGAAAGVANLKLLDELNLVSNAGEVGAYLNATMAEALSQHANVGDVRGEGLICAVEFVKDRDSRTFFDAADKIGPQISAKLLEQDKIIAAAMPQGDILGFAPPFCLTRAEADQVVEGTLRAVKAVLGSLEHHHHHH,,,
W59G:S155A:R214A:D392A,MLKNDQLDQWDRDNFFHPSTHLAQHARGESANRVIKTASGVFIEDRDGTKLLDAFAGLGCVNVGYGRQEIAEAIADQARELAYYHSFVGHGTEASITLAKMILDRAPKNMSKVYFGLGGSDANETNVKLIWYYNNILGRPEKKKIISRWRGFHGAGLVTGSLTGLELFHKKFDLPVEQVIHTEAPYYFRREDLNQTEEQFVAHCVAELEALIEAEGADTIAAFIGEPILGAGGIVPPPAGYWEAIQTVLNKHDILLVADEVVTGFGRLGTMFGSDHYGLEPDIITIAKGLTSAYAPLSGSIVSDKVWKVLEQGTDENGPIGHGWTYSAHPIGAAAGVANLKLLDELNLVSNAGEVGAYLNATMAEALSQHANVGDVRGEGLLCAVEFVKDRASRTFFDAADKIGPQISAKLLEQDKIIARAMPQGDILGFAPPFCLTRAEADQVVEGTLRAVKAVLGSLEHHHHHH,,,
N250D:G332A:R420L:R214A,MLKNDQLDQWDRDNFFHPSTHLAQHARGESANRVIKTASGVFIEDRDGTKLLDAFAGLWCVNVGYGRQEIAEAIADQARELAYYHSFVGHGTEASITLAKMILDRAPKNMSKVYFGLGGSDANETNVKLIWYYNNILGRPEKKKIISRWRGFHGSGLVTGSLTGLELFHKKFDLPVEQVIHTEAPYYFRREDLNQTEEQFVAHCVAELEALIEAEGADTIAAFIGEPILGAGGIVPPPAGYWEAIQTVLDKHDILLVADEVVTGFGRLGTMFGSDHYGLEPDIITIAKGLTSAYAPLSGSIVSDKVWKVLEQGTDENGPIGHGWTYSAHPIAAAAGVANLKLLDELNLVSNAGEVGAYLNATMAEALSQHANVGDVRGEGLLCAVEFVKDRDSRTFFDAADKIGPQISAKLLEQDKIIALAMPQGDILGFAPPFCLTRAEADQVVEGTLRAVKAVLGSLEHHHHHH,,,
C60V:R46H:D47E:S19F,MLKNDQLDQWDRDNFFHPFTHLAQHARGESANRVIKTASGVFIEDHEGTKLLDAFAGLWVVNVGYGRQEIAEAIADQARELAYYHSFVGHGTEASITLAKMILDRAPKNMSKVYFGLGGSDANETNVKLIWYYNNILGRPEKKKIISRWRGFHGSGLVTGSLTGLELFHKKFDLPVEQVIHTEAPYYFRREDLNQTEEQFVAHCVAELEALIEREGADTIAAFIGEPILGAGGIVPPPAGYWEAIQTVLNKHDILLVADEVVTGFGRLGTMFGSDHYGLEPDIITIAKGLTSAYAPLSGSIVSDKVWKVLEQGTDENGPIGHGWTYSAHPIGAAAGVANLKLLDELNLVSNAGEVGAYLNATMAEALSQHANVGDVRGEGLLCAVEFVKDRDSRTFFDAADKIGPQISAKLLEQDKIIARAMPQGDILGFAPPFCLTRAEADQVVEGTLRAVKAVLGSLEHHHHHH,,,
A71V:D47E:R394G:D401L,MLKNDQLDQWDRDNFFHPSTHLAQHARGESANRVIKTASGVFIEDREGTKLLDAFAGLWCVNVGYGRQEIVEAIADQARELAYYHSFVGHGTEASITLAKMILDRAPKNMSKVYFGLGGSDANETNVKLIWYYNNILGRPEKKKIISRWRGFHGSGLVTGSLTGLELFHKKFDLPVEQVIHTEAPYYFRREDLNQTEEQFVAHCVAELEALIEREGADTIAAFIGEPILGAGGIVPPPAGYWEAIQTVLNKHDILLVADEVVTGFGRLGTMFGSDHYGLEPDIITIAKGLTSAYAPLSGSIVSDKVWKVLEQGTDENGPIGHGWTYSAHPIGAAAGVANLKLLDELNLVSNAGEVGAYLNATMAEALSQHANVGDVRGEGLLCAVEFVKDRDSGTFFDAALKIGPQISAKLLEQDKIIARAMPQGDILGFAPPFCLTRAEADQVVEGTLRAVKAVLGSLEHHHHHH,,,
L382I:R420W:A231V:S120T,MLKNDQLDQWDRDNFFHPSTHLAQHARGESANRVIKTASGVFIEDRDGTKLLDAFAGLWCVNVGYGRQEIAEAIADQARELAYYHSFVGHGTEASITLAKMILDRAPKNMSKVYFGLGGTDANETNVKLIWYYNNILGRPEKKKIISRWRGFHGSGLVTGSLTGLELFHKKFDLPVEQVIHTEAPYYFRREDLNQTEEQFVAHCVAELEALIEREGADTIAAFIGEPILGVGGIVPPPAGYWEAIQTVLNKHDILLVADEVVTGFGRLGTMFGSDHYGLEPDIITIAKGLTSAYAPLSGSIVSDKVWKVLEQGTDENGPIGHGWTYSAHPIGAAAGVANLKLLDELNLVSNAGEVGAYLNATMAEALSQHANVGDVRGEGLICAVEFVKDRDSRTFFDAADKIGPQISAKLLEQDKIIAWAMPQGDILGFAPPFCLTRAEADQVVEGTLRAVKAVLGSLEHHHHHH,,,
L382M:P423A:W59Y:M422A,MLKNDQLDQWDRDNFFHPSTHLAQHARGESANRVIKTASGVFIEDRDGTKLLDAFAGLYCVNVGYGRQEIAEAIADQARELAYYHSFVGHGTEASITLAKMILDRAPKNMSKVYFGLGGSDANETNVKLIWYYNNILGRPEKKKIISRWRGFHGSGLVTGSLTGLELFHKKFDLPVEQVIHTEAPYYFRREDLNQTEEQFVAHCVAELEALIEREGADTIAAFIGEPILGAGGIVPPPAGYWEAIQTVLNKHDILLVADEVVTGFGRLGTMFGSDHYGLEPDIITIAKGLTSAYAPLSGSIVSDKVWKVLEQGTDENGPIGHGWTYSAHPIGAAAGVANLKLLDELNLVSNAGEVGAYLNATMAEALSQHANVGDVRGEGLMCAVEFVKDRDSRTFFDAADKIGPQISAKLLEQDKIIARAAAQGDILGFAPPFCLTRAEADQVVEGTLRAVKAVLGSLEHHHHHH,,,
L382M:G429A:A56G:H90K,MLKNDQLDQWDRDNFFHPSTHLAQHARGESANRVIKTASGVFIEDRDGTKLLDAFGGLWCVNVGYGRQEIAEAIADQARELAYYHSFVGKGTEASITLAKMILDRAPKNMSKVYFGLGGSDANETNVKLIWYYNNILGRPEKKKIISRWRGFHGSGLVTGSLTGLELFHKKFDLPVEQVIHTEAPYYFRREDLNQTEEQFVAHCVAELEALIEREGADTIAAFIGEPILGAGGIVPPPAGYWEAIQTVLNKHDILLVADEVVTGFGRLGTMFGSDHYGLEPDIITIAKGLTSAYAPLSGSIVSDKVWKVLEQGTDENGPIGHGWTYSAHPIGAAAGVANLKLLDELNLVSNAGEVGAYLNATMAEALSQHANVGDVRGEGLMCAVEFVKDRDSRTFFDAADKIGPQISAKLLEQDKIIARAMPQGDILAFAPPFCLTRAEADQVVEGTLRAVKAVLGSLEHHHHHH,,,
R420L:H85M:W59G:L167A,MLKNDQLDQWDRDNFFHPSTHLAQHARGESANRVIKTASGVFIEDRDGTKLLDAFAGLGCVNVGYGRQEIAEAIADQARELAYYMSFVGHGTEASITLAKMILDRAPKNMSKVYFGLGGSDANETNVKLIWYYNNILGRPEKKKIISRWRGFHGSGLVTGSLTGLEAFHKKFDLPVEQVIHTEAPYYFRREDLNQTEEQFVAHCVAELEALIEREGADTIAAFIGEPILGAGGIVPPPAGYWEAIQTVLNKHDILLVADEVVTGFGRLGTMFGSDHYGLEPDIITIAKGLTSAYAPLSGSIVSDKVWKVLEQGTDENGPIGHGWTYSAHPIGAAAGVANLKLLDELNLVSNAGEVGAYLNATMAEALSQHANVGDVRGEGLLCAVEFVKDRDSRTFFDAADKIGPQISAKLLEQDKIIALAMPQGDILGFAPPFCLTRAEADQVVEGTLRAVKAVLGSLEHHHHHH,,,
H85M:H252Y:E29K:D47E,MLKNDQLDQWDRDNFFHPSTHLAQHARGKSANRVIKTASGVFIEDREGTKLLDAFAGLWCVNVGYGRQEIAEAIADQARELAYYMSFVGHGTEASITLAKMILDRAPKNMSKVYFGLGGSDANETNVKLIWYYNNILGRPEKKKIISRWRGFHGSGLVTGSLTGLELFHKKFDLPVEQVIHTEAPYYFRREDLNQTEEQFVAHCVAELEALIEREGADTIAAFIGEPILGAGGIVPPPAGYWEAIQTVLNKYDILLVADEVVTGFGRLGTMFGSDHYGLEPDIITIAKGLTSAYAPLSGSIVSDKVWKVLEQGTDENGPIGHGWTYSAHPIGAAAGVANLKLLDELNLVSNAGEVGAYLNATMAEALSQHANVGDVRGEGLLCAVEFVKDRDSRTFFDAADKIGPQISAKLLEQDKIIARAMPQGDILGFAPPFCLTRAEADQVVEGTLRAVKAVLGSLEHHHHHH,,,
P423Q:W59F:D398E:S19W,MLKNDQLDQWDRDNFFHPWTHLAQHARGESANRVIKTASGVFIEDRDGTKLLDAFAGLFCVNVGYGRQEIAEAIADQARELAYYHSFVGHGTEASITLAKMILDRAPKNMSKVYFGLGGSDANETNVKLIWYYNNILGRPEKKKIISRWRGFHGSGLVTGSLTGLELFHKKFDLPVEQVIHTEAPYYFRREDLNQTEEQFVAHCVAELEALIEREGADTIAAFIGEPILGAGGIVPPPAGYWEAIQTVLNKHDILLVADEVVTGFGRLGTMFGSDHYGLEPDIITIAKGLTSAYAPLSGSIVSDKVWKVLEQGTDENGPIGHGWTYSAHPIGAAAGVANLKLLDELNLVSNAGEVGAYLNATMAEALSQHANVGDVRGEGLLCAVEFVKDRDSRTFFEAADKIGPQISAKLLEQDKIIARAMQQGDILGFAPPFCLTRAEADQVVEGTLRAVKAVLGSLEHHHHHH,,,
P423G:G429Y:F152Y:S155A,MLKNDQLDQWDRDNFFHPSTHLAQHARGESANRVIKTASGVFIEDRDGTKLLDAFAGLWCVNVGYGRQEIAEAIADQARELAYYHSFVGHGTEASITLAKMILDRAPKNMSKVYFGLGGSDANETNVKLIWYYNNILGRPEKKKIISRWRGYHGAGLVTGSLTGLELFHKKFDLPVEQVIHTEAPYYFRREDLNQTEEQFVAHCVAELEALIEREGADTIAAFIGEPILGAGGIVPPPAGYWEAIQTVLNKHDILLVADEVVTGFGRLGTMFGSDHYGLEPDIITIAKGLTSAYAPLSGSIVSDKVWKVLEQGTDENGPIGHGWTYSAHPIGAAAGVANLKLLDELNLVSNAGEVGAYLNATMAEALSQHANVGDVRGEGLLCAVEFVKDRDSRTFFDAADKIGPQISAKLLEQDKIIARAMGQGDILYFAPPFCLTRAEADQVVEGTLRAVKAVLGSLEHHHHHH,,,
E177A:Q369G:F397L:S19Y,MLKNDQLDQWDRDNFFHPYTHLAQHARGESANRVIKTASGVFIEDRDGTKLLDAFAGLWCVNVGYGRQEIAEAIADQARELAYYHSFVGHGTEASITLAKMILDRAPKNMSKVYFGLGGSDANETNVKLIWYYNNILGRPEKKKIISRWRGFHGSGLVTGSLTGLELFHKKFDLPVAQVIHTEAPYYFRREDLNQTEEQFVAHCVAELEALIEREGADTIAAFIGEPILGAGGIVPPPAGYWEAIQTVLNKHDILLVADEVVTGFGRLGTMFGSDHYGLEPDIITIAKGLTSAYAPLSGSIVSDKVWKVLEQGTDENGPIGHGWTYSAHPIGAAAGVANLKLLDELNLVSNAGEVGAYLNATMAEALSGHANVGDVRGEGLLCAVEFVKDRDSRTFLDAADKIGPQISAKLLEQDKIIARAMPQGDILGFAPPFCLTRAEADQVVEGTLRAVKAVLGSLEHHHHHH,,,
P423A:R46H:A399P:F168N,MLKNDQLDQWDRDNFFHPSTHLAQHARGESANRVIKTASGVFIEDHDGTKLLDAFAGLWCVNVGYGRQEIAEAIADQARELAYYHSFVGHGTEASITLAKMILDRAPKNMSKVYFGLGGSDANETNVKLIWYYNNILGRPEKKKIISRWRGFHGSGLVTGSLTGLELNHKKFDLPVEQVIHTEAPYYFRREDLNQTEEQFVAHCVAELEALIEREGADTIAAFIGEPILGAGGIVPPPAGYWEAIQTVLNKHDILLVADEVVTGFGRLGTMFGSDHYGLEPDIITIAKGLTSAYAPLSGSIVSDKVWKVLEQGTDENGPIGHGWTYSAHPIGAAAGVANLKLLDELNLVSNAGEVGAYLNATMAEALSQHANVGDVRGEGLLCAVEFVKDRDSRTFFDPADKIGPQISAKLLEQDKIIARAMAQGDILGFAPPFCLTRAEADQVVEGTLRAVKAVLGSLEHHHHHH,,,
K402V:S120A:E280V:R46H,MLKNDQLDQWDRDNFFHPSTHLAQHARGESANRVIKTASGVFIEDHDGTKLLDAFAGLWCVNVGYGRQEIAEAIADQARELAYYHSFVGHGTEASITLAKMILDRAPKNMSKVYFGLGGADANETNVKLIWYYNNILGRPEKKKIISRWRGFHGSGLVTGSLTGLELFHKKFDLPVEQVIHTEAPYYFRREDLNQTEEQFVAHCVAELEALIEREGADTIAAFIGEPILGAGGIVPPPAGYWEAIQTVLNKHDILLVADEVVTGFGRLGTMFGSDHYGLVPDIITIAKGLTSAYAPLSGSIVSDKVWKVLEQGTDENGPIGHGWTYSAHPIGAAAGVANLKLLDELNLVSNAGEVGAYLNATMAEALSQHANVGDVRGEGLLCAVEFVKDRDSRTFFDAADVIGPQISAKLLEQDKIIARAMPQGDILGFAPPFCLTRAEADQVVEGTLRAVKAVLGSLEHHHHHH,,,
G332C:H85G:F152Y:S120T,MLKNDQLDQWDRDNFFHPSTHLAQHARGESANRVIKTASGVFIEDRDGTKLLDAFAGLWCVNVGYGRQEIAEAIADQARELAYYGSFVGHGTEASITLAKMILDRAPKNMSKVYFGLGGTDANETNVKLIWYYNNILGRPEKKKIISRWRGYHGSGLVTGSLTGLELFHKKFDLPVEQVIHTEAPYYFRREDLNQTEEQFVAHCVAELEALIEREGADTIAAFIGEPILGAGGIVPPPAGYWEAIQTVLNKHDILLVADEVVTGFGRLGTMFGSDHYGLEPDIITIAKGLTSAYAPLSGSIVSDKVWKVLEQGTDENGPIGHGWTYSAHPICAAAGVANLKLLDELNLVSNAGEVGAYLNATMAEALSQHANVGDVRGEGLLCAVEFVKDRDSRTFFDAADKIGPQISAKLLEQDKIIARAMPQGDILGFAPPFCLTRAEADQVVEGTLRAVKAVLGSLEHHHHHH,,,
L382M:F87L:E29K:D392E,MLKNDQLDQWDRDNFFHPSTHLAQHARGKSANRVIKTASGVFIEDRDGTKLLDAFAGLWCVNVGYGRQEIAEAIADQARELAYYHSLVGHGTEASITLAKMILDRAPKNMSKVYFGLGGSDANETNVKLIWYYNNILGRPEKKKIISRWRGFHGSGLVTGSLTGLELFHKKFDLPVEQVIHTEAPYYFRREDLNQTEEQFVAHCVAELEALIEREGADTIAAFIGEPILGAGGIVPPPAGYWEAIQTVLNKHDILLVADEVVTGFGRLGTMFGSDHYGLEPDIITIAKGLTSAYAPLSGSIVSDKVWKVLEQGTDENGPIGHGWTYSAHPIGAAAGVANLKLLDELNLVSNAGEVGAYLNATMAEALSQHANVGDVRGEGLMCAVEFVKDRESRTFFDAADKIGPQISAKLLEQDKIIARAMPQGDILGFAPPFCLTRAEADQVVEGTLRAVKAVLGSLEHHHHHH,,,
Q406A:P423G:W59L:A231G,MLKNDQLDQWDRDNFFHPSTHLAQHARGESANRVIKTASGVFIEDRDGTKLLDAFAGLLCVNVGYGRQEIAEAIADQARELAYYHSFVGHGTEASITLAKMILDRAPKNMSKVYFGLGGSDANETNVKLIWYYNNILGRPEKKKIISRWRGFHGSGLVTGSLTGLELFHKKFDLPVEQVIHTEAPYYFRREDLNQTEEQFVAHCVAELEALIEREGADTIAAFIGEPILGGGGIVPPPAGYWEAIQTVLNKHDILLVADEVVTGFGRLGTMFGSDHYGLEPDIITIAKGLTSAYAPLSGSIVSDKVWKVLEQGTDENGPIGHGWTYSAHPIGAAAGVANLKLLDELNLVSNAGEVGAYLNATMAEALSQHANVGDVRGEGLLCAVEFVKDRDSRTFFDAADKIGPAISAKLLEQDKIIARAMGQGDILGFAPPFCLTRAEADQVVEGTLRAVKAVLGSLEHHHHHH,,,
I234V:R420K:L167S:E177A,MLKNDQLDQWDRDNFFHPSTHLAQHARGESANRVIKTASGVFIEDRDGTKLLDAFAGLWCVNVGYGRQEIAEAIADQARELAYYHSFVGHGTEASITLAKMILDRAPKNMSKVYFGLGGSDANETNVKLIWYYNNILGRPEKKKIISRWRGFHGSGLVTGSLTGLESFHKKFDLPVAQVIHTEAPYYFRREDLNQTEEQFVAHCVAELEALIEREGADTIAAFIGEPILGAGGVVPPPAGYWEAIQTVLNKHDILLVADEVVTGFGRLGTMFGSDHYGLEPDIITIAKGLTSAYAPLSGSIVSDKVWKVLEQGTDENGPIGHGWTYSAHPIGAAAGVANLKLLDELNLVSNAGEVGAYLNATMAEALSQHANVGDVRGEGLLCAVEFVKDRDSRTFFDAADKIGPQISAKLLEQDKIIAKAMPQGDILGFAPPFCLTRAEADQVVEGTLRAVKAVLGSLEHHHHHH,,,
K402E:L167V:L58I:L165I,MLKNDQLDQWDRDNFFHPSTHLAQHARGESANRVIKTASGVFIEDRDGTKLLDAFAGIWCVNVGYGRQEIAEAIADQARELAYYHSFVGHGTEASITLAKMILDRAPKNMSKVYFGLGGSDANETNVKLIWYYNNILGRPEKKKIISRWRGFHGSGLVTGSLTGIEVFHKKFDLPVEQVIHTEAPYYFRREDLNQTEEQFVAHCVAELEALIEREGADTIAAFIGEPILGAGGIVPPPAGYWEAIQTVLNKHDILLVADEVVTGFGRLGTMFGSDHYGLEPDIITIAKGLTSAYAPLSGSIVSDKVWKVLEQGTDENGPIGHGWTYSAHPIGAAAGVANLKLLDELNLVSNAGEVGAYLNATMAEALSQHANVGDVRGEGLLCAVEFVKDRDSRTFFDAADEIGPQISAKLLEQDKIIARAMPQGDILGFAPPFCLTRAEADQVVEGTLRAVKAVLGSLEHHHHHH,,,
P423H:G429A:L167A:D398A,MLKNDQLDQWDRDNFFHPSTHLAQHARGESANRVIKTASGVFIEDRDGTKLLDAFAGLWCVNVGYGRQEIAEAIADQARELAYYHSFVGHGTEASITLAKMILDRAPKNMSKVYFGLGGSDANETNVKLIWYYNNILGRPEKKKIISRWRGFHGSGLVTGSLTGLEAFHKKFDLPVEQVIHTEAPYYFRREDLNQTEEQFVAHCVAELEALIEREGADTIAAFIGEPILGAGGIVPPPAGYWEAIQTVLNKHDILLVADEVVTGFGRLGTMFGSDHYGLEPDIITIAKGLTSAYAPLSGSIVSDKVWKVLEQGTDENGPIGHGWTYSAHPIGAAAGVANLKLLDELNLVSNAGEVGAYLNATMAEALSQHANVGDVRGEGLLCAVEFVKDRDSRTFFAAADKIGPQISAKLLEQDKIIARAMHQGDILAFAPPFCLTRAEADQVVEGTLRAVKAVLGSLEHHHHHH,,,
I234F:W59Y:E280V:L167S,MLKNDQLDQWDRDNFFHPSTHLAQHARGESANRVIKTASGVFIEDRDGTKLLDAFAGLYCVNVGYGRQEIAEAIADQARELAYYHSFVGHGTEASITLAKMILDRAPKNMSKVYFGLGGSDANETNVKLIWYYNNILGRPEKKKIISRWRGFHGSGLVTGSLTGLESFHKKFDLPVEQVIHTEAPYYFRREDLNQTEEQFVAHCVAELEALIEREGADTIAAFIGEPILGAGGFVPPPAGYWEAIQTVLNKHDILLVADEVVTGFGRLGTMFGSDHYGLVPDIITIAKGLTSAYAPLSGSIVSDKVWKVLEQGTDENGPIGHGWTYSAHPIGAAAGVANLKLLDELNLVSNAGEVGAYLNATMAEALSQHANVGDVRGEGLLCAVEFVKDRDSRTFFDAADKIGPQISAKLLEQDKIIARAMPQGDILGFAPPFCLTRAEADQVVEGTLRAVKAVLGSLEHHHHHH,,,
I234M:S120A:M422A:S19F,MLKNDQLDQWDRDNFFHPFTHLAQHARGESANRVIKTASGVFIEDRDGTKLLDAFAGLWCVNVGYGRQEIAEAIADQARELAYYHSFVGHGTEASITLAKMILDRAPKNMSKVYFGLGGADANETNVKLIWYYNNILGRPEKKKIISRWRGFHGSGLVTGSLTGLELFHKKFDLPVEQVIHTEAPYYFRREDLNQTEEQFVAHCVAELEALIEREGADTIAAFIGEPILGAGGMVPPPAGYWEAIQTVLNKHDILLVADEVVTGFGRLGTMFGSDHYGLEPDIITIAKGLTSAYAPLSGSIVSDKVWKVLEQGTDENGPIGHGWTYSAHPIGAAAGVANLKLLDELNLVSNAGEVGAYLNATMAEALSQHANVGDVRGEGLLCAVEFVKDRDSRTFFDAADKIGPQISAKLLEQDKIIARAAPQGDILGFAPPFCLTRAEADQVVEGTLRAVKAVLGSLEHHHHHH,,,
I234F:R394G:D401R:L165I,MLKNDQLDQWDRDNFFHPSTHLAQHARGESANRVIKTASGVFIEDRDGTKLLDAFAGLWCVNVGYGRQEIAEAIADQARELAYYHSFVGHGTEASITLAKMILDRAPKNMSKVYFGLGGSDANETNVKLIWYYNNILGRPEKKKIISRWRGFHGSGLVTGSLTGIELFHKKFDLPVEQVIHTEAPYYFRREDLNQTEEQFVAHCVAELEALIEREGADTIAAFIGEPILGAGGFVPPPAGYWEAIQTVLNKHDILLVADEVVTGFGRLGTMFGSDHYGLEPDIITIAKGLTSAYAPLSGSIVSDKVWKVLEQGTDENGPIGHGWTYSAHPIGAAAGVANLKLLDELNLVSNAGEVGAYLNATMAEALSQHANVGDVRGEGLLCAVEFVKDRDSGTFFDAARKIGPQISAKLLEQDKIIARAMPQGDILGFAPPFCLTRAEADQVVEGTLRAVKAVLGSLEHHHHHH,,,
L382I:K402E:P423G:C60V,MLKNDQLDQWDRDNFFHPSTHLAQHARGESANRVIKTASGVFIEDRDGTKLLDAFAGLWVVNVGYGRQEIAEAIADQARELAYYHSFVGHGTEASITLAKMILDRAPKNMSKVYFGLGGSDANETNVKLIWYYNNILGRPEKKKIISRWRGFHGSGLVTGSLTGLELFHKKFDLPVEQVIHTEAPYYFRREDLNQTEEQFVAHCVAELEALIEREGADTIAAFIGEPILGAGGIVPPPAGYWEAIQTVLNKHDILLVADEVVTGFGRLGTMFGSDHYGLEPDIITIAKGLTSAYAPLSGSIVSDKVWKVLEQGTDENGPIGHGWTYSAHPIGAAAGVANLKLLDELNLVSNAGEVGAYLNATMAEALSQHANVGDVRGEGLICAVEFVKDRDSRTFFDAADEIGPQISAKLLEQDKIIARAMGQGDILGFAPPFCLTRAEADQVVEGTLRAVKAVLGSLEHHHHHH,,,
N250D:F87L:S155A:D47E,MLKNDQLDQWDRDNFFHPSTHLAQHARGESANRVIKTASGVFIEDREGTKLLDAFAGLWCVNVGYGRQEIAEAIADQARELAYYHSLVGHGTEASITLAKMILDRAPKNMSKVYFGLGGSDANETNVKLIWYYNNILGRPEKKKIISRWRGFHGAGLVTGSLTGLELFHKKFDLPVEQVIHTEAPYYFRREDLNQTEEQFVAHCVAELEALIEREGADTIAAFIGEPILGAGGIVPPPAGYWEAIQTVLDKHDILLVADEVVTGFGRLGTMFGSDHYGLEPDIITIAKGLTSAYAPLSGSIVSDKVWKVLEQGTDENGPIGHGWTYSAHPIGAAAGVANLKLLDELNLVSNAGEVGAYLNATMAEALSQHANVGDVRGEGLLCAVEFVKDRDSRTFFDAADKIGPQISAKLLEQDKIIARAMPQGDILGFAPPFCLTRAEADQVVEGTLRAVKAVLGSLEHHHHHH,,,
L382F:Q406A:D401R:P281S,MLKNDQLDQWDRDNFFHPSTHLAQHARGESANRVIKTASGVFIEDRDGTKLLDAFAGLWCVNVGYGRQEIAEAIADQARELAYYHSFVGHGTEASITLAKMILDRAPKNMSKVYFGLGGSDANETNVKLIWYYNNILGRPEKKKIISRWRGFHGSGLVTGSLTGLELFHKKFDLPVEQVIHTEAPYYFRREDLNQTEEQFVAHCVAELEALIEREGADTIAAFIGEPILGAGGIVPPPAGYWEAIQTVLNKHDILLVADEVVTGFGRLGTMFGSDHYGLESDIITIAKGLTSAYAPLSGSIVSDKVWKVLEQGTDENGPIGHGWTYSAHPIGAAAGVANLKLLDELNLVSNAGEVGAYLNATMAEALSQHANVGDVRGEGLFCAVEFVKDRDSRTFFDAARKIGPAISAKLLEQDKIIARAMPQGDILGFAPPFCLTRAEADQVVEGTLRAVKAVLGSLEHHHHHH,,,
S368G:S393D:M422T:S19Y,MLKNDQLDQWDRDNFFHPYTHLAQHARGESANRVIKTASGVFIEDRDGTKLLDAFAGLWCVNVGYGRQEIAEAIADQARELAYYHSFVGHGTEASITLAKMILDRAPKNMSKVYFGLGGSDANETNVKLIWYYNNILGRPEKKKIISRWRGFHGSGLVTGSLTGLELFHKKFDLPVEQVIHTEAPYYFRREDLNQTEEQFVAHCVAELEALIEREGADTIAAFIGEPILGAGGIVPPPAGYWEAIQTVLNKHDILLVADEVVTGFGRLGTMFGSDHYGLEPDIITIAKGLTSAYAPLSGSIVSDKVWKVLEQGTDENGPIGHGWTYSAHPIGAAAGVANLKLLDELNLVSNAGEVGAYLNATMAEALGQHANVGDVRGEGLLCAVEFVKDRDDRTFFDAADKIGPQISAKLLEQDKIIARATPQGDILGFAPPFCLTRAEADQVVEGTLRAVKAVLGSLEHHHHHH,,,
Q406K:E280K:M422T:S19W,MLKNDQLDQWDRDNFFHPWTHLAQHARGESANRVIKTASGVFIEDRDGTKLLDAFAGLWCVNVGYGRQEIAEAIADQARELAYYHSFVGHGTEASITLAKMILDRAPKNMSKVYFGLGGSDANETNVKLIWYYNNILGRPEKKKIISRWRGFHGSGLVTGSLTGLELFHKKFDLPVEQVIHTEAPYYFRREDLNQTEEQFVAHCVAELEALIEREGADTIAAFIGEPILGAGGIVPPPAGYWEAIQTVLNKHDILLVADEVVTGFGRLGTMFGSDHYGLKPDIITIAKGLTSAYAPLSGSIVSDKVWKVLEQGTDENGPIGHGWTYSAHPIGAAAGVANLKLLDELNLVSNAGEVGAYLNATMAEALSQHANVGDVRGEGLLCAVEFVKDRDSRTFFDAADKIGPKISAKLLEQDKIIARATPQGDILGFAPPFCLTRAEADQVVEGTLRAVKAVLGSLEHHHHHH,,,
P423R:F87Y:L167V:S368G,MLKNDQLDQWDRDNFFHPSTHLAQHARGESANRVIKTASGVFIEDRDGTKLLDAFAGLWCVNVGYGRQEIAEAIADQARELAYYHSYVGHGTEASITLAKMILDRAPKNMSKVYFGLGGSDANETNVKLIWYYNNILGRPEKKKIISRWRGFHGSGLVTGSLTGLEVFHKKFDLPVEQVIHTEAPYYFRREDLNQTEEQFVAHCVAELEALIEREGADTIAAFIGEPILGAGGIVPPPAGYWEAIQTVLNKHDILLVADEVVTGFGRLGTMFGSDHYGLEPDIITIAKGLTSAYAPLSGSIVSDKVWKVLEQGTDENGPIGHGWTYSAHPIGAAAGVANLKLLDELNLVSNAGEVGAYLNATMAEALGQHANVGDVRGEGLLCAVEFVKDRDSRTFFDAADKIGPQISAKLLEQDKIIARAMRQGDILGFAPPFCLTRAEADQVVEGTLRAVKAVLGSLEHHHHHH,,,
G429Y:W59L:E177A:R46H,MLKNDQLDQWDRDNFFHPSTHLAQHARGESANRVIKTASGVFIEDHDGTKLLDAFAGLLCVNVGYGRQEIAEAIADQARELAYYHSFVGHGTEASITLAKMILDRAPKNMSKVYFGLGGSDANETNVKLIWYYNNILGRPEKKKIISRWRGFHGSGLVTGSLTGLELFHKKFDLPVAQVIHTEAPYYFRREDLNQTEEQFVAHCVAELEALIEREGADTIAAFIGEPILGAGGIVPPPAGYWEAIQTVLNKHDILLVADEVVTGFGRLGTMFGSDHYGLEPDIITIAKGLTSAYAPLSGSIVSDKVWKVLEQGTDENGPIGHGWTYSAHPIGAAAGVANLKLLDELNLVSNAGEVGAYLNATMAEALSQHANVGDVRGEGLLCAVEFVKDRDSRTFFDAADKIGPQISAKLLEQDKIIARAMPQGDILYFAPPFCLTRAEADQVVEGTLRAVKAVLGSLEHHHHHH,,,
V262I:Q406K:F152W:L167F,MLKNDQLDQWDRDNFFHPSTHLAQHARGESANRVIKTASGVFIEDRDGTKLLDAFAGLWCVNVGYGRQEIAEAIADQARELAYYHSFVGHGTEASITLAKMILDRAPKNMSKVYFGLGGSDANETNVKLIWYYNNILGRPEKKKIISRWRGWHGSGLVTGSLTGLEFFHKKFDLPVEQVIHTEAPYYFRREDLNQTEEQFVAHCVAELEALIEREGADTIAAFIGEPILGAGGIVPPPAGYWEAIQTVLNKHDILLVADEVITGFGRLGTMFGSDHYGLEPDIITIAKGLTSAYAPLSGSIVSDKVWKVLEQGTDENGPIGHGWTYSAHPIGAAAGVANLKLLDELNLVSNAGEVGAYLNATMAEALSQHANVGDVRGEGLLCAVEFVKDRDSRTFFDAADKIGPKISAKLLEQDKIIARAMPQGDILGFAPPFCLTRAEADQVVEGTLRAVKAVLGSLEHHHHHH,,,
I234M:S368G:P281A:M422S,MLKNDQLDQWDRDNFFHPSTHLAQHARGESANRVIKTASGVFIEDRDGTKLLDAFAGLWCVNVGYGRQEIAEAIADQARELAYYHSFVGHGTEASITLAKMILDRAPKNMSKVYFGLGGSDANETNVKLIWYYNNILGRPEKKKIISRWRGFHGSGLVTGSLTGLELFHKKFDLPVEQVIHTEAPYYFRREDLNQTEEQFVAHCVAELEALIEREGADTIAAFIGEPILGAGGMVPPPAGYWEAIQTVLNKHDILLVADEVVTGFGRLGTMFGSDHYGLEADIITIAKGLTSAYAPLSGSIVSDKVWKVLEQGTDENGPIGHGWTYSAHPIGAAAGVANLKLLDELNLVSNAGEVGAYLNATMAEALGQHANVGDVRGEGLLCAVEFVKDRDSRTFFDAADKIGPQISAKLLEQDKIIARASPQGDILGFAPPFCLTRAEADQVVEGTLRAVKAVLGSLEHHHHHH,,,
H85G:F87Q:A231T:L167N,MLKNDQLDQWDRDNFFHPSTHLAQHARGESANRVIKTASGVFIEDRDGTKLLDAFAGLWCVNVGYGRQEIAEAIADQARELAYYGSQVGHGTEASITLAKMILDRAPKNMSKVYFGLGGSDANETNVKLIWYYNNILGRPEKKKIISRWRGFHGSGLVTGSLTGLENFHKKFDLPVEQVIHTEAPYYFRREDLNQTEEQFVAHCVAELEALIEREGADTIAAFIGEPILGTGGIVPPPAGYWEAIQTVLNKHDILLVADEVVTGFGRLGTMFGSDHYGLEPDIITIAKGLTSAYAPLSGSIVSDKVWKVLEQGTDENGPIGHGWTYSAHPIGAAAGVANLKLLDELNLVSNAGEVGAYLNATMAEALSQHANVGDVRGEGLLCAVEFVKDRDSRTFFDAADKIGPQISAKLLEQDKIIARAMPQGDILGFAPPFCLTRAEADQVVEGTLRAVKAVLGSLEHHHHHH,,,
R394K:F168L:M422T:H90R,MLKNDQLDQWDRDNFFHPSTHLAQHARGESANRVIKTASGVFIEDRDGTKLLDAFAGLWCVNVGYGRQEIAEAIADQARELAYYHSFVGRGTEASITLAKMILDRAPKNMSKVYFGLGGSDANETNVKLIWYYNNILGRPEKKKIISRWRGFHGSGLVTGSLTGLELLHKKFDLPVEQVIHTEAPYYFRREDLNQTEEQFVAHCVAELEALIEREGADTIAAFIGEPILGAGGIVPPPAGYWEAIQTVLNKHDILLVADEVVTGFGRLGTMFGSDHYGLEPDIITIAKGLTSAYAPLSGSIVSDKVWKVLEQGTDENGPIGHGWTYSAHPIGAAAGVANLKLLDELNLVSNAGEVGAYLNATMAEALSQHANVGDVRGEGLLCAVEFVKDRDSKTFFDAADKIGPQISAKLLEQDKIIARATPQGDILGFAPPFCLTRAEADQVVEGTLRAVKAVLGSLEHHHHHH,,,
N250Y:R420W:R214S:L58W,MLKNDQLDQWDRDNFFHPSTHLAQHARGESANRVIKTASGVFIEDRDGTKLLDAFAGWWCVNVGYGRQEIAEAIADQARELAYYHSFVGHGTEASITLAKMILDRAPKNMSKVYFGLGGSDANETNVKLIWYYNNILGRPEKKKIISRWRGFHGSGLVTGSLTGLELFHKKFDLPVEQVIHTEAPYYFRREDLNQTEEQFVAHCVAELEALIESEGADTIAAFIGEPILGAGGIVPPPAGYWEAIQTVLYKHDILLVADEVVTGFGRLGTMFGSDHYGLEPDIITIAKGLTSAYAPLSGSIVSDKVWKVLEQGTDENGPIGHGWTYSAHPIGAAAGVANLKLLDELNLVSNAGEVGAYLNATMAEALSQHANVGDVRGEGLLCAVEFVKDRDSRTFFDAADKIGPQISAKLLEQDKIIAWAMPQGDILGFAPPFCLTRAEADQVVEGTLRAVKAVLGSLEHHHHHH,,,
N250Y:R420L:D398A:A399Q,MLKNDQLDQWDRDNFFHPSTHLAQHARGESANRVIKTASGVFIEDRDGTKLLDAFAGLWCVNVGYGRQEIAEAIADQARELAYYHSFVGHGTEASITLAKMILDRAPKNMSKVYFGLGGSDANETNVKLIWYYNNILGRPEKKKIISRWRGFHGSGLVTGSLTGLELFHKKFDLPVEQVIHTEAPYYFRREDLNQTEEQFVAHCVAELEALIEREGADTIAAFIGEPILGAGGIVPPPAGYWEAIQTVLYKHDILLVADEVVTGFGRLGTMFGSDHYGLEPDIITIAKGLTSAYAPLSGSIVSDKVWKVLEQGTDENGPIGHGWTYSAHPIGAAAGVANLKLLDELNLVSNAGEVGAYLNATMAEALSQHANVGDVRGEGLLCAVEFVKDRDSRTFFAQADKIGPQISAKLLEQDKIIALAMPQGDILGFAPPFCLTRAEADQVVEGTLRAVKAVLGSLEHHHHHH,,,
V262M:K402N:Q369G:D401R,MLKNDQLDQWDRDNFFHPSTHLAQHARGESANRVIKTASGVFIEDRDGTKLLDAFAGLWCVNVGYGRQEIAEAIADQARELAYYHSFVGHGTEASITLAKMILDRAPKNMSKVYFGLGGSDANETNVKLIWYYNNILGRPEKKKIISRWRGFHGSGLVTGSLTGLELFHKKFDLPVEQVIHTEAPYYFRREDLNQTEEQFVAHCVAELEALIEREGADTIAAFIGEPILGAGGIVPPPAGYWEAIQTVLNKHDILLVADEVMTGFGRLGTMFGSDHYGLEPDIITIAKGLTSAYAPLSGSIVSDKVWKVLEQGTDENGPIGHGWTYSAHPIGAAAGVANLKLLDELNLVSNAGEVGAYLNATMAEALSGHANVGDVRGEGLLCAVEFVKDRDSRTFFDAARNIGPQISAKLLEQDKIIARAMPQGDILGFAPPFCLTRAEADQVVEGTLRAVKAVLGSLEHHHHHH,,,
V262M:E280K:R46T:F168N,MLKNDQLDQWDRDNFFHPSTHLAQHARGESANRVIKTASGVFIEDTDGTKLLDAFAGLWCVNVGYGRQEIAEAIADQARELAYYHSFVGHGTEASITLAKMILDRAPKNMSKVYFGLGGSDANETNVKLIWYYNNILGRPEKKKIISRWRGFHGSGLVTGSLTGLELNHKKFDLPVEQVIHTEAPYYFRREDLNQTEEQFVAHCVAELEALIEREGADTIAAFIGEPILGAGGIVPPPAGYWEAIQTVLNKHDILLVADEVMTGFGRLGTMFGSDHYGLKPDIITIAKGLTSAYAPLSGSIVSDKVWKVLEQGTDENGPIGHGWTYSAHPIGAAAGVANLKLLDELNLVSNAGEVGAYLNATMAEALSQHANVGDVRGEGLLCAVEFVKDRDSRTFFDAADKIGPQISAKLLEQDKIIARAMPQGDILGFAPPFCLTRAEADQVVEGTLRAVKAVLGSLEHHHHHH,,,
G332A:L382F:R420W:W59A,MLKNDQLDQWDRDNFFHPSTHLAQHARGESANRVIKTASGVFIEDRDGTKLLDAFAGLACVNVGYGRQEIAEAIADQARELAYYHSFVGHGTEASITLAKMILDRAPKNMSKVYFGLGGSDANETNVKLIWYYNNILGRPEKKKIISRWRGFHGSGLVTGSLTGLELFHKKFDLPVEQVIHTEAPYYFRREDLNQTEEQFVAHCVAELEALIEREGADTIAAFIGEPILGAGGIVPPPAGYWEAIQTVLNKHDILLVADEVVTGFGRLGTMFGSDHYGLEPDIITIAKGLTSAYAPLSGSIVSDKVWKVLEQGTDENGPIGHGWTYSAHPIAAAAGVANLKLLDELNLVSNAGEVGAYLNATMAEALSQHANVGDVRGEGLFCAVEFVKDRDSRTFFDAADKIGPQISAKLLEQDKIIAWAMPQGDILGFAPPFCLTRAEADQVVEGTLRAVKAVLGSLEHHHHHH,,,
L382I:S86T:L167F:D392E,MLKNDQLDQWDRDNFFHPSTHLAQHARGESANRVIKTASGVFIEDRDGTKLLDAFAGLWCVNVGYGRQEIAEAIADQARELAYYHTFVGHGTEASITLAKMILDRAPKNMSKVYFGLGGSDANETNVKLIWYYNNILGRPEKKKIISRWRGFHGSGLVTGSLTGLEFFHKKFDLPVEQVIHTEAPYYFRREDLNQTEEQFVAHCVAELEALIEREGADTIAAFIGEPILGAGGIVPPPAGYWEAIQTVLNKHDILLVADEVVTGFGRLGTMFGSDHYGLEPDIITIAKGLTSAYAPLSGSIVSDKVWKVLEQGTDENGPIGHGWTYSAHPIGAAAGVANLKLLDELNLVSNAGEVGAYLNATMAEALSQHANVGDVRGEGLICAVEFVKDRESRTFFDAADKIGPQISAKLLEQDKIIARAMPQGDILGFAPPFCLTRAEADQVVEGTLRAVKAVLGSLEHHHHHH,,,
G332A:P423Q:L167F:R391P,MLKNDQLDQWDRDNFFHPSTHLAQHARGESANRVIKTASGVFIEDRDGTKLLDAFAGLWCVNVGYGRQEIAEAIADQARELAYYHSFVGHGTEASITLAKMILDRAPKNMSKVYFGLGGSDANETNVKLIWYYNNILGRPEKKKIISRWRGFHGSGLVTGSLTGLEFFHKKFDLPVEQVIHTEAPYYFRREDLNQTEEQFVAHCVAELEALIEREGADTIAAFIGEPILGAGGIVPPPAGYWEAIQTVLNKHDILLVADEVVTGFGRLGTMFGSDHYGLEPDIITIAKGLTSAYAPLSGSIVSDKVWKVLEQGTDENGPIGHGWTYSAHPIAAAAGVANLKLLDELNLVSNAGEVGAYLNATMAEALSQHANVGDVRGEGLLCAVEFVKDPDSRTFFDAADKIGPQISAKLLEQDKIIARAMQQGDILGFAPPFCLTRAEADQVVEGTLRAVKAVLGSLEHHHHHH,,,
Q406R:W59F:F152W:D401L,MLKNDQLDQWDRDNFFHPSTHLAQHARGESANRVIKTASGVFIEDRDGTKLLDAFAGLFCVNVGYGRQEIAEAIADQARELAYYHSFVGHGTEASITLAKMILDRAPKNMSKVYFGLGGSDANETNVKLIWYYNNILGRPEKKKIISRWRGWHGSGLVTGSLTGLELFHKKFDLPVEQVIHTEAPYYFRREDLNQTEEQFVAHCVAELEALIEREGADTIAAFIGEPILGAGGIVPPPAGYWEAIQTVLNKHDILLVADEVVTGFGRLGTMFGSDHYGLEPDIITIAKGLTSAYAPLSGSIVSDKVWKVLEQGTDENGPIGHGWTYSAHPIGAAAGVANLKLLDELNLVSNAGEVGAYLNATMAEALSQHANVGDVRGEGLLCAVEFVKDRDSRTFFDAALKIGPRISAKLLEQDKIIARAMPQGDILGFAPPFCLTRAEADQVVEGTLRAVKAVLGSLEHHHHHH,,,
G429R:S368G:R391P:F397L,MLKNDQLDQWDRDNFFHPSTHLAQHARGESANRVIKTASGVFIEDRDGTKLLDAFAGLWCVNVGYGRQEIAEAIADQARELAYYHSFVGHGTEASITLAKMILDRAPKNMSKVYFGLGGSDANETNVKLIWYYNNILGRPEKKKIISRWRGFHGSGLVTGSLTGLELFHKKFDLPVEQVIHTEAPYYFRREDLNQTEEQFVAHCVAELEALIEREGADTIAAFIGEPILGAGGIVPPPAGYWEAIQTVLNKHDILLVADEVVTGFGRLGTMFGSDHYGLEPDIITIAKGLTSAYAPLSGSIVSDKVWKVLEQGTDENGPIGHGWTYSAHPIGAAAGVANLKLLDELNLVSNAGEVGAYLNATMAEALGQHANVGDVRGEGLLCAVEFVKDPDSRTFLDAADKIGPQISAKLLEQDKIIARAMPQGDILRFAPPFCLTRAEADQVVEGTLRAVKAVLGSLEHHHHHH,,,
A231V:L167V:D398A:P281A,MLKNDQLDQWDRDNFFHPSTHLAQHARGESANRVIKTASGVFIEDRDGTKLLDAFAGLWCVNVGYGRQEIAEAIADQARELAYYHSFVGHGTEASITLAKMILDRAPKNMSKVYFGLGGSDANETNVKLIWYYNNILGRPEKKKIISRWRGFHGSGLVTGSLTGLEVFHKKFDLPVEQVIHTEAPYYFRREDLNQTEEQFVAHCVAELEALIEREGADTIAAFIGEPILGVGGIVPPPAGYWEAIQTVLNKHDILLVADEVVTGFGRLGTMFGSDHYGLEADIITIAKGLTSAYAPLSGSIVSDKVWKVLEQGTDENGPIGHGWTYSAHPIGAAAGVANLKLLDELNLVSNAGEVGAYLNATMAEALSQHANVGDVRGEGLLCAVEFVKDRDSRTFFAAADKIGPQISAKLLEQDKIIARAMPQGDILGFAPPFCLTRAEADQVVEGTLRAVKAVLGSLEHHHHHH,,,
G332C:W59Y:R391P:F168Y,MLKNDQLDQWDRDNFFHPSTHLAQHARGESANRVIKTASGVFIEDRDGTKLLDAFAGLYCVNVGYGRQEIAEAIADQARELAYYHSFVGHGTEASITLAKMILDRAPKNMSKVYFGLGGSDANETNVKLIWYYNNILGRPEKKKIISRWRGFHGSGLVTGSLTGLELYHKKFDLPVEQVIHTEAPYYFRREDLNQTEEQFVAHCVAELEALIEREGADTIAAFIGEPILGAGGIVPPPAGYWEAIQTVLNKHDILLVADEVVTGFGRLGTMFGSDHYGLEPDIITIAKGLTSAYAPLSGSIVSDKVWKVLEQGTDENGPIGHGWTYSAHPICAAAGVANLKLLDELNLVSNAGEVGAYLNATMAEALSQHANVGDVRGEGLLCAVEFVKDPDSRTFFDAADKIGPQISAKLLEQDKIIARAMPQGDILGFAPPFCLTRAEADQVVEGTLRAVKAVLGSLEHHHHHH,,,
V262I:G332A:A231G:A399Q,MLKNDQLDQWDRDNFFHPSTHLAQHARGESANRVIKTASGVFIEDRDGTKLLDAFAGLWCVNVGYGRQEIAEAIADQARELAYYHSFVGHGTEASITLAKMILDRAPKNMSKVYFGLGGSDANETNVKLIWYYNNILGRPEKKKIISRWRGFHGSGLVTGSLTGLELFHKKFDLPVEQVIHTEAPYYFRREDLNQTEEQFVAHCVAELEALIEREGADTIAAFIGEPILGGGGIVPPPAGYWEAIQTVLNKHDILLVADEVITGFGRLGTMFGSDHYGLEPDIITIAKGLTSAYAPLSGSIVSDKVWKVLEQGTDENGPIGHGWTYSAHPIAAAAGVANLKLLDELNLVSNAGEVGAYLNATMAEALSQHANVGDVRGEGLLCAVEFVKDRDSRTFFDQADKIGPQISAKLLEQDKIIARAMPQGDILGFAPPFCLTRAEADQVVEGTLRAVKAVLGSLEHHHHHH,,,
P423Q:F152W:D401R:F168N,MLKNDQLDQWDRDNFFHPSTHLAQHARGESANRVIKTASGVFIEDRDGTKLLDAFAGLWCVNVGYGRQEIAEAIADQARELAYYHSFVGHGTEASITLAKMILDRAPKNMSKVYFGLGGSDANETNVKLIWYYNNILGRPEKKKIISRWRGWHGSGLVTGSLTGLELNHKKFDLPVEQVIHTEAPYYFRREDLNQTEEQFVAHCVAELEALIEREGADTIAAFIGEPILGAGGIVPPPAGYWEAIQTVLNKHDILLVADEVVTGFGRLGTMFGSDHYGLEPDIITIAKGLTSAYAPLSGSIVSDKVWKVLEQGTDENGPIGHGWTYSAHPIGAAAGVANLKLLDELNLVSNAGEVGAYLNATMAEALSQHANVGDVRGEGLLCAVEFVKDRDSRTFFDAARKIGPQISAKLLEQDKIIARAMQQGDILGFAPPFCLTRAEADQVVEGTLRAVKAVLGSLEHHHHHH,,,
V262M:P423H:A399P:L165I,MLKNDQLDQWDRDNFFHPSTHLAQHARGESANRVIKTASGVFIEDRDGTKLLDAFAGLWCVNVGYGRQEIAEAIADQARELAYYHSFVGHGTEASITLAKMILDRAPKNMSKVYFGLGGSDANETNVKLIWYYNNILGRPEKKKIISRWRGFHGSGLVTGSLTGIELFHKKFDLPVEQVIHTEAPYYFRREDLNQTEEQFVAHCVAELEALIEREGADTIAAFIGEPILGAGGIVPPPAGYWEAIQTVLNKHDILLVADEVMTGFGRLGTMFGSDHYGLEPDIITIAKGLTSAYAPLSGSIVSDKVWKVLEQGTDENGPIGHGWTYSAHPIGAAAGVANLKLLDELNLVSNAGEVGAYLNATMAEALSQHANVGDVRGEGLLCAVEFVKDRDSRTFFDPADKIGPQISAKLLEQDKIIARAMHQGDILGFAPPFCLTRAEADQVVEGTLRAVKAVLGSLEHHHHHH,,,
E280V:L167A:A56S:S19F,MLKNDQLDQWDRDNFFHPFTHLAQHARGESANRVIKTASGVFIEDRDGTKLLDAFSGLWCVNVGYGRQEIAEAIADQARELAYYHSFVGHGTEASITLAKMILDRAPKNMSKVYFGLGGSDANETNVKLIWYYNNILGRPEKKKIISRWRGFHGSGLVTGSLTGLEAFHKKFDLPVEQVIHTEAPYYFRREDLNQTEEQFVAHCVAELEALIEREGADTIAAFIGEPILGAGGIVPPPAGYWEAIQTVLNKHDILLVADEVVTGFGRLGTMFGSDHYGLVPDIITIAKGLTSAYAPLSGSIVSDKVWKVLEQGTDENGPIGHGWTYSAHPIGAAAGVANLKLLDELNLVSNAGEVGAYLNATMAEALSQHANVGDVRGEGLLCAVEFVKDRDSRTFFDAADKIGPQISAKLLEQDKIIARAMPQGDILGFAPPFCLTRAEADQVVEGTLRAVKAVLGSLEHHHHHH,,,
Q406R:A231T:S155A:D398A,MLKNDQLDQWDRDNFFHPSTHLAQHARGESANRVIKTASGVFIEDRDGTKLLDAFAGLWCVNVGYGRQEIAEAIADQARELAYYHSFVGHGTEASITLAKMILDRAPKNMSKVYFGLGGSDANETNVKLIWYYNNILGRPEKKKIISRWRGFHGAGLVTGSLTGLELFHKKFDLPVEQVIHTEAPYYFRREDLNQTEEQFVAHCVAELEALIEREGADTIAAFIGEPILGTGGIVPPPAGYWEAIQTVLNKHDILLVADEVVTGFGRLGTMFGSDHYGLEPDIITIAKGLTSAYAPLSGSIVSDKVWKVLEQGTDENGPIGHGWTYSAHPIGAAAGVANLKLLDELNLVSNAGEVGAYLNATMAEALSQHANVGDVRGEGLLCAVEFVKDRDSRTFFAAADKIGPRISAKLLEQDKIIARAMPQGDILGFAPPFCLTRAEADQVVEGTLRAVKAVLGSLEHHHHHH,,,
Q406R:W59L:E280V:E29A,MLKNDQLDQWDRDNFFHPSTHLAQHARGASANRVIKTASGVFIEDRDGTKLLDAFAGLLCVNVGYGRQEIAEAIADQARELAYYHSFVGHGTEASITLAKMILDRAPKNMSKVYFGLGGSDANETNVKLIWYYNNILGRPEKKKIISRWRGFHGSGLVTGSLTGLELFHKKFDLPVEQVIHTEAPYYFRREDLNQTEEQFVAHCVAELEALIEREGADTIAAFIGEPILGAGGIVPPPAGYWEAIQTVLNKHDILLVADEVVTGFGRLGTMFGSDHYGLVPDIITIAKGLTSAYAPLSGSIVSDKVWKVLEQGTDENGPIGHGWTYSAHPIGAAAGVANLKLLDELNLVSNAGEVGAYLNATMAEALSQHANVGDVRGEGLLCAVEFVKDRDSRTFFDAADKIGPRISAKLLEQDKIIARAMPQGDILGFAPPFCLTRAEADQVVEGTLRAVKAVLGSLEHHHHHH,,,
G429A:F87L:C60V:D401G,MLKNDQLDQWDRDNFFHPSTHLAQHARGESANRVIKTASGVFIEDRDGTKLLDAFAGLWVVNVGYGRQEIAEAIADQARELAYYHSLVGHGTEASITLAKMILDRAPKNMSKVYFGLGGSDANETNVKLIWYYNNILGRPEKKKIISRWRGFHGSGLVTGSLTGLELFHKKFDLPVEQVIHTEAPYYFRREDLNQTEEQFVAHCVAELEALIEREGADTIAAFIGEPILGAGGIVPPPAGYWEAIQTVLNKHDILLVADEVVTGFGRLGTMFGSDHYGLEPDIITIAKGLTSAYAPLSGSIVSDKVWKVLEQGTDENGPIGHGWTYSAHPIGAAAGVANLKLLDELNLVSNAGEVGAYLNATMAEALSQHANVGDVRGEGLLCAVEFVKDRDSRTFFDAAGKIGPQISAKLLEQDKIIARAMPQGDILAFAPPFCLTRAEADQVVEGTLRAVKAVLGSLEHHHHHH,,,
E29K:A56S:L165I:S19Y,MLKNDQLDQWDRDNFFHPYTHLAQHARGKSANRVIKTASGVFIEDRDGTKLLDAFSGLWCVNVGYGRQEIAEAIADQARELAYYHSFVGHGTEASITLAKMILDRAPKNMSKVYFGLGGSDANETNVKLIWYYNNILGRPEKKKIISRWRGFHGSGLVTGSLTGIELFHKKFDLPVEQVIHTEAPYYFRREDLNQTEEQFVAHCVAELEALIEREGADTIAAFIGEPILGAGGIVPPPAGYWEAIQTVLNKHDILLVADEVVTGFGRLGTMFGSDHYGLEPDIITIAKGLTSAYAPLSGSIVSDKVWKVLEQGTDENGPIGHGWTYSAHPIGAAAGVANLKLLDELNLVSNAGEVGAYLNATMAEALSQHANVGDVRGEGLLCAVEFVKDRDSRTFFDAADKIGPQISAKLLEQDKIIARAMPQGDILGFAPPFCLTRAEADQVVEGTLRAVKAVLGSLEHHHHHH,,,
G429Y:S86T:P281S:S19Y,MLKNDQLDQWDRDNFFHPYTHLAQHARGESANRVIKTASGVFIEDRDGTKLLDAFAGLWCVNVGYGRQEIAEAIADQARELAYYHTFVGHGTEASITLAKMILDRAPKNMSKVYFGLGGSDANETNVKLIWYYNNILGRPEKKKIISRWRGFHGSGLVTGSLTGLELFHKKFDLPVEQVIHTEAPYYFRREDLNQTEEQFVAHCVAELEALIEREGADTIAAFIGEPILGAGGIVPPPAGYWEAIQTVLNKHDILLVADEVVTGFGRLGTMFGSDHYGLESDIITIAKGLTSAYAPLSGSIVSDKVWKVLEQGTDENGPIGHGWTYSAHPIGAAAGVANLKLLDELNLVSNAGEVGAYLNATMAEALSQHANVGDVRGEGLLCAVEFVKDRDSRTFFDAADKIGPQISAKLLEQDKIIARAMPQGDILYFAPPFCLTRAEADQVVEGTLRAVKAVLGSLEHHHHHH,,,
G429R:D401G:L165M:F168L,MLKNDQLDQWDRDNFFHPSTHLAQHARGESANRVIKTASGVFIEDRDGTKLLDAFAGLWCVNVGYGRQEIAEAIADQARELAYYHSFVGHGTEASITLAKMILDRAPKNMSKVYFGLGGSDANETNVKLIWYYNNILGRPEKKKIISRWRGFHGSGLVTGSLTGMELLHKKFDLPVEQVIHTEAPYYFRREDLNQTEEQFVAHCVAELEALIEREGADTIAAFIGEPILGAGGIVPPPAGYWEAIQTVLNKHDILLVADEVVTGFGRLGTMFGSDHYGLEPDIITIAKGLTSAYAPLSGSIVSDKVWKVLEQGTDENGPIGHGWTYSAHPIGAAAGVANLKLLDELNLVSNAGEVGAYLNATMAEALSQHANVGDVRGEGLLCAVEFVKDRDSRTFFDAAGKIGPQISAKLLEQDKIIARAMPQGDILRFAPPFCLTRAEADQVVEGTLRAVKAVLGSLEHHHHHH,,,
I234F:G332C:P423L:R214S,MLKNDQLDQWDRDNFFHPSTHLAQHARGESANRVIKTASGVFIEDRDGTKLLDAFAGLWCVNVGYGRQEIAEAIADQARELAYYHSFVGHGTEASITLAKMILDRAPKNMSKVYFGLGGSDANETNVKLIWYYNNILGRPEKKKIISRWRGFHGSGLVTGSLTGLELFHKKFDLPVEQVIHTEAPYYFRREDLNQTEEQFVAHCVAELEALIESEGADTIAAFIGEPILGAGGFVPPPAGYWEAIQTVLNKHDILLVADEVVTGFGRLGTMFGSDHYGLEPDIITIAKGLTSAYAPLSGSIVSDKVWKVLEQGTDENGPIGHGWTYSAHPICAAAGVANLKLLDELNLVSNAGEVGAYLNATMAEALSQHANVGDVRGEGLLCAVEFVKDRDSRTFFDAADKIGPQISAKLLEQDKIIARAMLQGDILGFAPPFCLTRAEADQVVEGTLRAVKAVLGSLEHHHHHH,,,
V262Q:Q406K:A231E:S19F,MLKNDQLDQWDRDNFFHPFTHLAQHARGESANRVIKTASGVFIEDRDGTKLLDAFAGLWCVNVGYGRQEIAEAIADQARELAYYHSFVGHGTEASITLAKMILDRAPKNMSKVYFGLGGSDANETNVKLIWYYNNILGRPEKKKIISRWRGFHGSGLVTGSLTGLELFHKKFDLPVEQVIHTEAPYYFRREDLNQTEEQFVAHCVAELEALIEREGADTIAAFIGEPILGEGGIVPPPAGYWEAIQTVLNKHDILLVADEVQTGFGRLGTMFGSDHYGLEPDIITIAKGLTSAYAPLSGSIVSDKVWKVLEQGTDENGPIGHGWTYSAHPIGAAAGVANLKLLDELNLVSNAGEVGAYLNATMAEALSQHANVGDVRGEGLLCAVEFVKDRDSRTFFDAADKIGPKISAKLLEQDKIIARAMPQGDILGFAPPFCLTRAEADQVVEGTLRAVKAVLGSLEHHHHHH,,,
F87Q:C60V:S393A:H90K,MLKNDQLDQWDRDNFFHPSTHLAQHARGESANRVIKTASGVFIEDRDGTKLLDAFAGLWVVNVGYGRQEIAEAIADQARELAYYHSQVGKGTEASITLAKMILDRAPKNMSKVYFGLGGSDANETNVKLIWYYNNILGRPEKKKIISRWRGFHGSGLVTGSLTGLELFHKKFDLPVEQVIHTEAPYYFRREDLNQTEEQFVAHCVAELEALIEREGADTIAAFIGEPILGAGGIVPPPAGYWEAIQTVLNKHDILLVADEVVTGFGRLGTMFGSDHYGLEPDIITIAKGLTSAYAPLSGSIVSDKVWKVLEQGTDENGPIGHGWTYSAHPIGAAAGVANLKLLDELNLVSNAGEVGAYLNATMAEALSQHANVGDVRGEGLLCAVEFVKDRDARTFFDAADKIGPQISAKLLEQDKIIARAMPQGDILGFAPPFCLTRAEADQVVEGTLRAVKAVLGSLEHHHHHH,,,
A71I:W59Y:A231S:L58W,MLKNDQLDQWDRDNFFHPSTHLAQHARGESANRVIKTASGVFIEDRDGTKLLDAFAGWYCVNVGYGRQEIIEAIADQARELAYYHSFVGHGTEASITLAKMILDRAPKNMSKVYFGLGGSDANETNVKLIWYYNNILGRPEKKKIISRWRGFHGSGLVTGSLTGLELFHKKFDLPVEQVIHTEAPYYFRREDLNQTEEQFVAHCVAELEALIEREGADTIAAFIGEPILGSGGIVPPPAGYWEAIQTVLNKHDILLVADEVVTGFGRLGTMFGSDHYGLEPDIITIAKGLTSAYAPLSGSIVSDKVWKVLEQGTDENGPIGHGWTYSAHPIGAAAGVANLKLLDELNLVSNAGEVGAYLNATMAEALSQHANVGDVRGEGLLCAVEFVKDRDSRTFFDAADKIGPQISAKLLEQDKIIARAMPQGDILGFAPPFCLTRAEADQVVEGTLRAVKAVLGSLEHHHHHH,,,
R420K:E29A:D47Q:F168Y,MLKNDQLDQWDRDNFFHPSTHLAQHARGASANRVIKTASGVFIEDRQGTKLLDAFAGLWCVNVGYGRQEIAEAIADQARELAYYHSFVGHGTEASITLAKMILDRAPKNMSKVYFGLGGSDANETNVKLIWYYNNILGRPEKKKIISRWRGFHGSGLVTGSLTGLELYHKKFDLPVEQVIHTEAPYYFRREDLNQTEEQFVAHCVAELEALIEREGADTIAAFIGEPILGAGGIVPPPAGYWEAIQTVLNKHDILLVADEVVTGFGRLGTMFGSDHYGLEPDIITIAKGLTSAYAPLSGSIVSDKVWKVLEQGTDENGPIGHGWTYSAHPIGAAAGVANLKLLDELNLVSNAGEVGAYLNATMAEALSQHANVGDVRGEGLLCAVEFVKDRDSRTFFDAADKIGPQISAKLLEQDKIIAKAMPQGDILGFAPPFCLTRAEADQVVEGTLRAVKAVLGSLEHHHHHH,,,
G332S:A71V:E29K:D398A,MLKNDQLDQWDRDNFFHPSTHLAQHARGKSANRVIKTASGVFIEDRDGTKLLDAFAGLWCVNVGYGRQEIVEAIADQARELAYYHSFVGHGTEASITLAKMILDRAPKNMSKVYFGLGGSDANETNVKLIWYYNNILGRPEKKKIISRWRGFHGSGLVTGSLTGLELFHKKFDLPVEQVIHTEAPYYFRREDLNQTEEQFVAHCVAELEALIEREGADTIAAFIGEPILGAGGIVPPPAGYWEAIQTVLNKHDILLVADEVVTGFGRLGTMFGSDHYGLEPDIITIAKGLTSAYAPLSGSIVSDKVWKVLEQGTDENGPIGHGWTYSAHPISAAAGVANLKLLDELNLVSNAGEVGAYLNATMAEALSQHANVGDVRGEGLLCAVEFVKDRDSRTFFAAADKIGPQISAKLLEQDKIIARAMPQGDILGFAPPFCLTRAEADQVVEGTLRAVKAVLGSLEHHHHHH,,,
N250R:P423G:E177A:S393D,MLKNDQLDQWDRDNFFHPSTHLAQHARGESANRVIKTASGVFIEDRDGTKLLDAFAGLWCVNVGYGRQEIAEAIADQARELAYYHSFVGHGTEASITLAKMILDRAPKNMSKVYFGLGGSDANETNVKLIWYYNNILGRPEKKKIISRWRGFHGSGLVTGSLTGLELFHKKFDLPVAQVIHTEAPYYFRREDLNQTEEQFVAHCVAELEALIEREGADTIAAFIGEPILGAGGIVPPPAGYWEAIQTVLRKHDILLVADEVVTGFGRLGTMFGSDHYGLEPDIITIAKGLTSAYAPLSGSIVSDKVWKVLEQGTDENGPIGHGWTYSAHPIGAAAGVANLKLLDELNLVSNAGEVGAYLNATMAEALSQHANVGDVRGEGLLCAVEFVKDRDDRTFFDAADKIGPQISAKLLEQDKIIARAMGQGDILGFAPPFCLTRAEADQVVEGTLRAVKAVLGSLEHHHHHH,,,
P423A:S368A:A56S:S19W,MLKNDQLDQWDRDNFFHPWTHLAQHARGESANRVIKTASGVFIEDRDGTKLLDAFSGLWCVNVGYGRQEIAEAIADQARELAYYHSFVGHGTEASITLAKMILDRAPKNMSKVYFGLGGSDANETNVKLIWYYNNILGRPEKKKIISRWRGFHGSGLVTGSLTGLELFHKKFDLPVEQVIHTEAPYYFRREDLNQTEEQFVAHCVAELEALIEREGADTIAAFIGEPILGAGGIVPPPAGYWEAIQTVLNKHDILLVADEVVTGFGRLGTMFGSDHYGLEPDIITIAKGLTSAYAPLSGSIVSDKVWKVLEQGTDENGPIGHGWTYSAHPIGAAAGVANLKLLDELNLVSNAGEVGAYLNATMAEALAQHANVGDVRGEGLLCAVEFVKDRDSRTFFDAADKIGPQISAKLLEQDKIIARAMAQGDILGFAPPFCLTRAEADQVVEGTLRAVKAVLGSLEHHHHHH,,,
R420K:L58W:A56S:M422L,MLKNDQLDQWDRDNFFHPSTHLAQHARGESANRVIKTASGVFIEDRDGTKLLDAFSGWWCVNVGYGRQEIAEAIADQARELAYYHSFVGHGTEASITLAKMILDRAPKNMSKVYFGLGGSDANETNVKLIWYYNNILGRPEKKKIISRWRGFHGSGLVTGSLTGLELFHKKFDLPVEQVIHTEAPYYFRREDLNQTEEQFVAHCVAELEALIEREGADTIAAFIGEPILGAGGIVPPPAGYWEAIQTVLNKHDILLVADEVVTGFGRLGTMFGSDHYGLEPDIITIAKGLTSAYAPLSGSIVSDKVWKVLEQGTDENGPIGHGWTYSAHPIGAAAGVANLKLLDELNLVSNAGEVGAYLNATMAEALSQHANVGDVRGEGLLCAVEFVKDRDSRTFFDAADKIGPQISAKLLEQDKIIAKALPQGDILGFAPPFCLTRAEADQVVEGTLRAVKAVLGSLEHHHHHH,,,
Q406A:L58I:Y83S:A56G,MLKNDQLDQWDRDNFFHPSTHLAQHARGESANRVIKTASGVFIEDRDGTKLLDAFGGIWCVNVGYGRQEIAEAIADQARELASYHSFVGHGTEASITLAKMILDRAPKNMSKVYFGLGGSDANETNVKLIWYYNNILGRPEKKKIISRWRGFHGSGLVTGSLTGLELFHKKFDLPVEQVIHTEAPYYFRREDLNQTEEQFVAHCVAELEALIEREGADTIAAFIGEPILGAGGIVPPPAGYWEAIQTVLNKHDILLVADEVVTGFGRLGTMFGSDHYGLEPDIITIAKGLTSAYAPLSGSIVSDKVWKVLEQGTDENGPIGHGWTYSAHPIGAAAGVANLKLLDELNLVSNAGEVGAYLNATMAEALSQHANVGDVRGEGLLCAVEFVKDRDSRTFFDAADKIGPAISAKLLEQDKIIARAMPQGDILGFAPPFCLTRAEADQVVEGTLRAVKAVLGSLEHHHHHH,,,
G332C:A71I:S86T:M422S,MLKNDQLDQWDRDNFFHPSTHLAQHARGESANRVIKTASGVFIEDRDGTKLLDAFAGLWCVNVGYGRQEIIEAIADQARELAYYHTFVGHGTEASITLAKMILDRAPKNMSKVYFGLGGSDANETNVKLIWYYNNILGRPEKKKIISRWRGFHGSGLVTGSLTGLELFHKKFDLPVEQVIHTEAPYYFRREDLNQTEEQFVAHCVAELEALIEREGADTIAAFIGEPILGAGGIVPPPAGYWEAIQTVLNKHDILLVADEVVTGFGRLGTMFGSDHYGLEPDIITIAKGLTSAYAPLSGSIVSDKVWKVLEQGTDENGPIGHGWTYSAHPICAAAGVANLKLLDELNLVSNAGEVGAYLNATMAEALSQHANVGDVRGEGLLCAVEFVKDRDSRTFFDAADKIGPQISAKLLEQDKIIARASPQGDILGFAPPFCLTRAEADQVVEGTLRAVKAVLGSLEHHHHHH,,,
N250Y:A71I:H252R:Y83S,MLKNDQLDQWDRDNFFHPSTHLAQHARGESANRVIKTASGVFIEDRDGTKLLDAFAGLWCVNVGYGRQEIIEAIADQARELASYHSFVGHGTEASITLAKMILDRAPKNMSKVYFGLGGSDANETNVKLIWYYNNILGRPEKKKIISRWRGFHGSGLVTGSLTGLELFHKKFDLPVEQVIHTEAPYYFRREDLNQTEEQFVAHCVAELEALIEREGADTIAAFIGEPILGAGGIVPPPAGYWEAIQTVLYKRDILLVADEVVTGFGRLGTMFGSDHYGLEPDIITIAKGLTSAYAPLSGSIVSDKVWKVLEQGTDENGPIGHGWTYSAHPIGAAAGVANLKLLDELNLVSNAGEVGAYLNATMAEALSQHANVGDVRGEGLLCAVEFVKDRDSRTFFDAADKIGPQISAKLLEQDKIIARAMPQGDILGFAPPFCLTRAEADQVVEGTLRAVKAVLGSLEHHHHHH,,,
R420W:G429R:F87Q:R46H,MLKNDQLDQWDRDNFFHPSTHLAQHARGESANRVIKTASGVFIEDHDGTKLLDAFAGLWCVNVGYGRQEIAEAIADQARELAYYHSQVGHGTEASITLAKMILDRAPKNMSKVYFGLGGSDANETNVKLIWYYNNILGRPEKKKIISRWRGFHGSGLVTGSLTGLELFHKKFDLPVEQVIHTEAPYYFRREDLNQTEEQFVAHCVAELEALIEREGADTIAAFIGEPILGAGGIVPPPAGYWEAIQTVLNKHDILLVADEVVTGFGRLGTMFGSDHYGLEPDIITIAKGLTSAYAPLSGSIVSDKVWKVLEQGTDENGPIGHGWTYSAHPIGAAAGVANLKLLDELNLVSNAGEVGAYLNATMAEALSQHANVGDVRGEGLLCAVEFVKDRDSRTFFDAADKIGPQISAKLLEQDKIIAWAMPQGDILRFAPPFCLTRAEADQVVEGTLRAVKAVLGSLEHHHHHH,,,
V262Q:Q406R:F397L:A399P,MLKNDQLDQWDRDNFFHPSTHLAQHARGESANRVIKTASGVFIEDRDGTKLLDAFAGLWCVNVGYGRQEIAEAIADQARELAYYHSFVGHGTEASITLAKMILDRAPKNMSKVYFGLGGSDANETNVKLIWYYNNILGRPEKKKIISRWRGFHGSGLVTGSLTGLELFHKKFDLPVEQVIHTEAPYYFRREDLNQTEEQFVAHCVAELEALIEREGADTIAAFIGEPILGAGGIVPPPAGYWEAIQTVLNKHDILLVADEVQTGFGRLGTMFGSDHYGLEPDIITIAKGLTSAYAPLSGSIVSDKVWKVLEQGTDENGPIGHGWTYSAHPIGAAAGVANLKLLDELNLVSNAGEVGAYLNATMAEALSQHANVGDVRGEGLLCAVEFVKDRDSRTFLDPADKIGPRISAKLLEQDKIIARAMPQGDILGFAPPFCLTRAEADQVVEGTLRAVKAVLGSLEHHHHHH,,,
I234F:V262Q:R420K:S155V,MLKNDQLDQWDRDNFFHPSTHLAQHARGESANRVIKTASGVFIEDRDGTKLLDAFAGLWCVNVGYGRQEIAEAIADQARELAYYHSFVGHGTEASITLAKMILDRAPKNMSKVYFGLGGSDANETNVKLIWYYNNILGRPEKKKIISRWRGFHGVGLVTGSLTGLELFHKKFDLPVEQVIHTEAPYYFRREDLNQTEEQFVAHCVAELEALIEREGADTIAAFIGEPILGAGGFVPPPAGYWEAIQTVLNKHDILLVADEVQTGFGRLGTMFGSDHYGLEPDIITIAKGLTSAYAPLSGSIVSDKVWKVLEQGTDENGPIGHGWTYSAHPIGAAAGVANLKLLDELNLVSNAGEVGAYLNATMAEALSQHANVGDVRGEGLLCAVEFVKDRDSRTFFDAADKIGPQISAKLLEQDKIIAKAMPQGDILGFAPPFCLTRAEADQVVEGTLRAVKAVLGSLEHHHHHH,,,
N250R:P423R:A231E:S393A,MLKNDQLDQWDRDNFFHPSTHLAQHARGESANRVIKTASGVFIEDRDGTKLLDAFAGLWCVNVGYGRQEIAEAIADQARELAYYHSFVGHGTEASITLAKMILDRAPKNMSKVYFGLGGSDANETNVKLIWYYNNILGRPEKKKIISRWRGFHGSGLVTGSLTGLELFHKKFDLPVEQVIHTEAPYYFRREDLNQTEEQFVAHCVAELEALIEREGADTIAAFIGEPILGEGGIVPPPAGYWEAIQTVLRKHDILLVADEVVTGFGRLGTMFGSDHYGLEPDIITIAKGLTSAYAPLSGSIVSDKVWKVLEQGTDENGPIGHGWTYSAHPIGAAAGVANLKLLDELNLVSNAGEVGAYLNATMAEALSQHANVGDVRGEGLLCAVEFVKDRDARTFFDAADKIGPQISAKLLEQDKIIARAMRQGDILGFAPPFCLTRAEADQVVEGTLRAVKAVLGSLEHHHHHH,,,
L167A:Y83H:C60V:R394G,MLKNDQLDQWDRDNFFHPSTHLAQHARGESANRVIKTASGVFIEDRDGTKLLDAFAGLWVVNVGYGRQEIAEAIADQARELAHYHSFVGHGTEASITLAKMILDRAPKNMSKVYFGLGGSDANETNVKLIWYYNNILGRPEKKKIISRWRGFHGSGLVTGSLTGLEAFHKKFDLPVEQVIHTEAPYYFRREDLNQTEEQFVAHCVAELEALIEREGADTIAAFIGEPILGAGGIVPPPAGYWEAIQTVLNKHDILLVADEVVTGFGRLGTMFGSDHYGLEPDIITIAKGLTSAYAPLSGSIVSDKVWKVLEQGTDENGPIGHGWTYSAHPIGAAAGVANLKLLDELNLVSNAGEVGAYLNATMAEALSQHANVGDVRGEGLLCAVEFVKDRDSGTFFDAADKIGPQISAKLLEQDKIIARAMPQGDILGFAPPFCLTRAEADQVVEGTLRAVKAVLGSLEHHHHHH,,,
W59G:F87Y:A231G:S120T,MLKNDQLDQWDRDNFFHPSTHLAQHARGESANRVIKTASGVFIEDRDGTKLLDAFAGLGCVNVGYGRQEIAEAIADQARELAYYHSYVGHGTEASITLAKMILDRAPKNMSKVYFGLGGTDANETNVKLIWYYNNILGRPEKKKIISRWRGFHGSGLVTGSLTGLELFHKKFDLPVEQVIHTEAPYYFRREDLNQTEEQFVAHCVAELEALIEREGADTIAAFIGEPILGGGGIVPPPAGYWEAIQTVLNKHDILLVADEVVTGFGRLGTMFGSDHYGLEPDIITIAKGLTSAYAPLSGSIVSDKVWKVLEQGTDENGPIGHGWTYSAHPIGAAAGVANLKLLDELNLVSNAGEVGAYLNATMAEALSQHANVGDVRGEGLLCAVEFVKDRDSRTFFDAADKIGPQISAKLLEQDKIIARAMPQGDILGFAPPFCLTRAEADQVVEGTLRAVKAVLGSLEHHHHHH,,,
V262M:K402V:Q406K:E29A,MLKNDQLDQWDRDNFFHPSTHLAQHARGASANRVIKTASGVFIEDRDGTKLLDAFAGLWCVNVGYGRQEIAEAIADQARELAYYHSFVGHGTEASITLAKMILDRAPKNMSKVYFGLGGSDANETNVKLIWYYNNILGRPEKKKIISRWRGFHGSGLVTGSLTGLELFHKKFDLPVEQVIHTEAPYYFRREDLNQTEEQFVAHCVAELEALIEREGADTIAAFIGEPILGAGGIVPPPAGYWEAIQTVLNKHDILLVADEVMTGFGRLGTMFGSDHYGLEPDIITIAKGLTSAYAPLSGSIVSDKVWKVLEQGTDENGPIGHGWTYSAHPIGAAAGVANLKLLDELNLVSNAGEVGAYLNATMAEALSQHANVGDVRGEGLLCAVEFVKDRDSRTFFDAADVIGPKISAKLLEQDKIIARAMPQGDILGFAPPFCLTRAEADQVVEGTLRAVKAVLGSLEHHHHHH,,,
G429R:S86A:R391K:D398E,MLKNDQLDQWDRDNFFHPSTHLAQHARGESANRVIKTASGVFIEDRDGTKLLDAFAGLWCVNVGYGRQEIAEAIADQARELAYYHAFVGHGTEASITLAKMILDRAPKNMSKVYFGLGGSDANETNVKLIWYYNNILGRPEKKKIISRWRGFHGSGLVTGSLTGLELFHKKFDLPVEQVIHTEAPYYFRREDLNQTEEQFVAHCVAELEALIEREGADTIAAFIGEPILGAGGIVPPPAGYWEAIQTVLNKHDILLVADEVVTGFGRLGTMFGSDHYGLEPDIITIAKGLTSAYAPLSGSIVSDKVWKVLEQGTDENGPIGHGWTYSAHPIGAAAGVANLKLLDELNLVSNAGEVGAYLNATMAEALSQHANVGDVRGEGLLCAVEFVKDKDSRTFFEAADKIGPQISAKLLEQDKIIARAMPQGDILRFAPPFCLTRAEADQVVEGTLRAVKAVLGSLEHHHHHH,,,
R420A:F87Q:R214A:P281A,MLKNDQLDQWDRDNFFHPSTHLAQHARGESANRVIKTASGVFIEDRDGTKLLDAFAGLWCVNVGYGRQEIAEAIADQARELAYYHSQVGHGTEASITLAKMILDRAPKNMSKVYFGLGGSDANETNVKLIWYYNNILGRPEKKKIISRWRGFHGSGLVTGSLTGLELFHKKFDLPVEQVIHTEAPYYFRREDLNQTEEQFVAHCVAELEALIEAEGADTIAAFIGEPILGAGGIVPPPAGYWEAIQTVLNKHDILLVADEVVTGFGRLGTMFGSDHYGLEADIITIAKGLTSAYAPLSGSIVSDKVWKVLEQGTDENGPIGHGWTYSAHPIGAAAGVANLKLLDELNLVSNAGEVGAYLNATMAEALSQHANVGDVRGEGLLCAVEFVKDRDSRTFFDAADKIGPQISAKLLEQDKIIAAAMPQGDILGFAPPFCLTRAEADQVVEGTLRAVKAVLGSLEHHHHHH,,,
A71V:G429Y:L58I:S393A,MLKNDQLDQWDRDNFFHPSTHLAQHARGESANRVIKTASGVFIEDRDGTKLLDAFAGIWCVNVGYGRQEIVEAIADQARELAYYHSFVGHGTEASITLAKMILDRAPKNMSKVYFGLGGSDANETNVKLIWYYNNILGRPEKKKIISRWRGFHGSGLVTGSLTGLELFHKKFDLPVEQVIHTEAPYYFRREDLNQTEEQFVAHCVAELEALIEREGADTIAAFIGEPILGAGGIVPPPAGYWEAIQTVLNKHDILLVADEVVTGFGRLGTMFGSDHYGLEPDIITIAKGLTSAYAPLSGSIVSDKVWKVLEQGTDENGPIGHGWTYSAHPIGAAAGVANLKLLDELNLVSNAGEVGAYLNATMAEALSQHANVGDVRGEGLLCAVEFVKDRDARTFFDAADKIGPQISAKLLEQDKIIARAMPQGDILYFAPPFCLTRAEADQVVEGTLRAVKAVLGSLEHHHHHH,,,
N250K:K402E:F87L:S19W,MLKNDQLDQWDRDNFFHPWTHLAQHARGESANRVIKTASGVFIEDRDGTKLLDAFAGLWCVNVGYGRQEIAEAIADQARELAYYHSLVGHGTEASITLAKMILDRAPKNMSKVYFGLGGSDANETNVKLIWYYNNILGRPEKKKIISRWRGFHGSGLVTGSLTGLELFHKKFDLPVEQVIHTEAPYYFRREDLNQTEEQFVAHCVAELEALIEREGADTIAAFIGEPILGAGGIVPPPAGYWEAIQTVLKKHDILLVADEVVTGFGRLGTMFGSDHYGLEPDIITIAKGLTSAYAPLSGSIVSDKVWKVLEQGTDENGPIGHGWTYSAHPIGAAAGVANLKLLDELNLVSNAGEVGAYLNATMAEALSQHANVGDVRGEGLLCAVEFVKDRDSRTFFDAADEIGPQISAKLLEQDKIIARAMPQGDILGFAPPFCLTRAEADQVVEGTLRAVKAVLGSLEHHHHHH,,,
P423A:W59A:S393A:D401L,MLKNDQLDQWDRDNFFHPSTHLAQHARGESANRVIKTASGVFIEDRDGTKLLDAFAGLACVNVGYGRQEIAEAIADQARELAYYHSFVGHGTEASITLAKMILDRAPKNMSKVYFGLGGSDANETNVKLIWYYNNILGRPEKKKIISRWRGFHGSGLVTGSLTGLELFHKKFDLPVEQVIHTEAPYYFRREDLNQTEEQFVAHCVAELEALIEREGADTIAAFIGEPILGAGGIVPPPAGYWEAIQTVLNKHDILLVADEVVTGFGRLGTMFGSDHYGLEPDIITIAKGLTSAYAPLSGSIVSDKVWKVLEQGTDENGPIGHGWTYSAHPIGAAAGVANLKLLDELNLVSNAGEVGAYLNATMAEALSQHANVGDVRGEGLLCAVEFVKDRDARTFFDAALKIGPQISAKLLEQDKIIARAMAQGDILGFAPPFCLTRAEADQVVEGTLRAVKAVLGSLEHHHHHH,,,
V262Q:R214A:C60P:L165M,MLKNDQLDQWDRDNFFHPSTHLAQHARGESANRVIKTASGVFIEDRDGTKLLDAFAGLWPVNVGYGRQEIAEAIADQARELAYYHSFVGHGTEASITLAKMILDRAPKNMSKVYFGLGGSDANETNVKLIWYYNNILGRPEKKKIISRWRGFHGSGLVTGSLTGMELFHKKFDLPVEQVIHTEAPYYFRREDLNQTEEQFVAHCVAELEALIEAEGADTIAAFIGEPILGAGGIVPPPAGYWEAIQTVLNKHDILLVADEVQTGFGRLGTMFGSDHYGLEPDIITIAKGLTSAYAPLSGSIVSDKVWKVLEQGTDENGPIGHGWTYSAHPIGAAAGVANLKLLDELNLVSNAGEVGAYLNATMAEALSQHANVGDVRGEGLLCAVEFVKDRDSRTFFDAADKIGPQISAKLLEQDKIIARAMPQGDILGFAPPFCLTRAEADQVVEGTLRAVKAVLGSLEHHHHHH,,,
A231G:L167S:R391P:P281A,MLKNDQLDQWDRDNFFHPSTHLAQHARGESANRVIKTASGVFIEDRDGTKLLDAFAGLWCVNVGYGRQEIAEAIADQARELAYYHSFVGHGTEASITLAKMILDRAPKNMSKVYFGLGGSDANETNVKLIWYYNNILGRPEKKKIISRWRGFHGSGLVTGSLTGLESFHKKFDLPVEQVIHTEAPYYFRREDLNQTEEQFVAHCVAELEALIEREGADTIAAFIGEPILGGGGIVPPPAGYWEAIQTVLNKHDILLVADEVVTGFGRLGTMFGSDHYGLEADIITIAKGLTSAYAPLSGSIVSDKVWKVLEQGTDENGPIGHGWTYSAHPIGAAAGVANLKLLDELNLVSNAGEVGAYLNATMAEALSQHANVGDVRGEGLLCAVEFVKDPDSRTFFDAADKIGPQISAKLLEQDKIIARAMPQGDILGFAPPFCLTRAEADQVVEGTLRAVKAVLGSLEHHHHHH,,,
I234V:K402E:F397L:D398E,MLKNDQLDQWDRDNFFHPSTHLAQHARGESANRVIKTASGVFIEDRDGTKLLDAFAGLWCVNVGYGRQEIAEAIADQARELAYYHSFVGHGTEASITLAKMILDRAPKNMSKVYFGLGGSDANETNVKLIWYYNNILGRPEKKKIISRWRGFHGSGLVTGSLTGLELFHKKFDLPVEQVIHTEAPYYFRREDLNQTEEQFVAHCVAELEALIEREGADTIAAFIGEPILGAGGVVPPPAGYWEAIQTVLNKHDILLVADEVVTGFGRLGTMFGSDHYGLEPDIITIAKGLTSAYAPLSGSIVSDKVWKVLEQGTDENGPIGHGWTYSAHPIGAAAGVANLKLLDELNLVSNAGEVGAYLNATMAEALSQHANVGDVRGEGLLCAVEFVKDRDSRTFLEAADEIGPQISAKLLEQDKIIARAMPQGDILGFAPPFCLTRAEADQVVEGTLRAVKAVLGSLEHHHHHH,,,
A231S:H252Y:L167F:E177G,MLKNDQLDQWDRDNFFHPSTHLAQHARGESANRVIKTASGVFIEDRDGTKLLDAFAGLWCVNVGYGRQEIAEAIADQARELAYYHSFVGHGTEASITLAKMILDRAPKNMSKVYFGLGGSDANETNVKLIWYYNNILGRPEKKKIISRWRGFHGSGLVTGSLTGLEFFHKKFDLPVGQVIHTEAPYYFRREDLNQTEEQFVAHCVAELEALIEREGADTIAAFIGEPILGSGGIVPPPAGYWEAIQTVLNKYDILLVADEVVTGFGRLGTMFGSDHYGLEPDIITIAKGLTSAYAPLSGSIVSDKVWKVLEQGTDENGPIGHGWTYSAHPIGAAAGVANLKLLDELNLVSNAGEVGAYLNATMAEALSQHANVGDVRGEGLLCAVEFVKDRDSRTFFDAADKIGPQISAKLLEQDKIIARAMPQGDILGFAPPFCLTRAEADQVVEGTLRAVKAVLGSLEHHHHHH,,,
G332S:P423Q:F397L:A56G,MLKNDQLDQWDRDNFFHPSTHLAQHARGESANRVIKTASGVFIEDRDGTKLLDAFGGLWCVNVGYGRQEIAEAIADQARELAYYHSFVGHGTEASITLAKMILDRAPKNMSKVYFGLGGSDANETNVKLIWYYNNILGRPEKKKIISRWRGFHGSGLVTGSLTGLELFHKKFDLPVEQVIHTEAPYYFRREDLNQTEEQFVAHCVAELEALIEREGADTIAAFIGEPILGAGGIVPPPAGYWEAIQTVLNKHDILLVADEVVTGFGRLGTMFGSDHYGLEPDIITIAKGLTSAYAPLSGSIVSDKVWKVLEQGTDENGPIGHGWTYSAHPISAAAGVANLKLLDELNLVSNAGEVGAYLNATMAEALSQHANVGDVRGEGLLCAVEFVKDRDSRTFLDAADKIGPQISAKLLEQDKIIARAMQQGDILGFAPPFCLTRAEADQVVEGTLRAVKAVLGSLEHHHHHH,,,
K402N:G429A:A231T:S155V,MLKNDQLDQWDRDNFFHPSTHLAQHARGESANRVIKTASGVFIEDRDGTKLLDAFAGLWCVNVGYGRQEIAEAIADQARELAYYHSFVGHGTEASITLAKMILDRAPKNMSKVYFGLGGSDANETNVKLIWYYNNILGRPEKKKIISRWRGFHGVGLVTGSLTGLELFHKKFDLPVEQVIHTEAPYYFRREDLNQTEEQFVAHCVAELEALIEREGADTIAAFIGEPILGTGGIVPPPAGYWEAIQTVLNKHDILLVADEVVTGFGRLGTMFGSDHYGLEPDIITIAKGLTSAYAPLSGSIVSDKVWKVLEQGTDENGPIGHGWTYSAHPIGAAAGVANLKLLDELNLVSNAGEVGAYLNATMAEALSQHANVGDVRGEGLLCAVEFVKDRDSRTFFDAADNIGPQISAKLLEQDKIIARAMPQGDILAFAPPFCLTRAEADQVVEGTLRAVKAVLGSLEHHHHHH,,,
V262I:Q406A:P423L:H252Y,MLKNDQLDQWDRDNFFHPSTHLAQHARGESANRVIKTASGVFIEDRDGTKLLDAFAGLWCVNVGYGRQEIAEAIADQARELAYYHSFVGHGTEASITLAKMILDRAPKNMSKVYFGLGGSDANETNVKLIWYYNNILGRPEKKKIISRWRGFHGSGLVTGSLTGLELFHKKFDLPVEQVIHTEAPYYFRREDLNQTEEQFVAHCVAELEALIEREGADTIAAFIGEPILGAGGIVPPPAGYWEAIQTVLNKYDILLVADEVITGFGRLGTMFGSDHYGLEPDIITIAKGLTSAYAPLSGSIVSDKVWKVLEQGTDENGPIGHGWTYSAHPIGAAAGVANLKLLDELNLVSNAGEVGAYLNATMAEALSQHANVGDVRGEGLLCAVEFVKDRDSRTFFDAADKIGPAISAKLLEQDKIIARAMLQGDILGFAPPFCLTRAEADQVVEGTLRAVKAVLGSLEHHHHHH,,,
G332A:K402N:S393D:M422S,MLKNDQLDQWDRDNFFHPSTHLAQHARGESANRVIKTASGVFIEDRDGTKLLDAFAGLWCVNVGYGRQEIAEAIADQARELAYYHSFVGHGTEASITLAKMILDRAPKNMSKVYFGLGGSDANETNVKLIWYYNNILGRPEKKKIISRWRGFHGSGLVTGSLTGLELFHKKFDLPVEQVIHTEAPYYFRREDLNQTEEQFVAHCVAELEALIEREGADTIAAFIGEPILGAGGIVPPPAGYWEAIQTVLNKHDILLVADEVVTGFGRLGTMFGSDHYGLEPDIITIAKGLTSAYAPLSGSIVSDKVWKVLEQGTDENGPIGHGWTYSAHPIAAAAGVANLKLLDELNLVSNAGEVGAYLNATMAEALSQHANVGDVRGEGLLCAVEFVKDRDDRTFFDAADNIGPQISAKLLEQDKIIARASPQGDILGFAPPFCLTRAEADQVVEGTLRAVKAVLGSLEHHHHHH,,,
L382F:P423L:A231T:S120T,MLKNDQLDQWDRDNFFHPSTHLAQHARGESANRVIKTASGVFIEDRDGTKLLDAFAGLWCVNVGYGRQEIAEAIADQARELAYYHSFVGHGTEASITLAKMILDRAPKNMSKVYFGLGGTDANETNVKLIWYYNNILGRPEKKKIISRWRGFHGSGLVTGSLTGLELFHKKFDLPVEQVIHTEAPYYFRREDLNQTEEQFVAHCVAELEALIEREGADTIAAFIGEPILGTGGIVPPPAGYWEAIQTVLNKHDILLVADEVVTGFGRLGTMFGSDHYGLEPDIITIAKGLTSAYAPLSGSIVSDKVWKVLEQGTDENGPIGHGWTYSAHPIGAAAGVANLKLLDELNLVSNAGEVGAYLNATMAEALSQHANVGDVRGEGLFCAVEFVKDRDSRTFFDAADKIGPQISAKLLEQDKIIARAMLQGDILGFAPPFCLTRAEADQVVEGTLRAVKAVLGSLEHHHHHH,,,
H85M:A231V:R391K:D392A,MLKNDQLDQWDRDNFFHPSTHLAQHARGESANRVIKTASGVFIEDRDGTKLLDAFAGLWCVNVGYGRQEIAEAIADQARELAYYMSFVGHGTEASITLAKMILDRAPKNMSKVYFGLGGSDANETNVKLIWYYNNILGRPEKKKIISRWRGFHGSGLVTGSLTGLELFHKKFDLPVEQVIHTEAPYYFRREDLNQTEEQFVAHCVAELEALIEREGADTIAAFIGEPILGVGGIVPPPAGYWEAIQTVLNKHDILLVADEVVTGFGRLGTMFGSDHYGLEPDIITIAKGLTSAYAPLSGSIVSDKVWKVLEQGTDENGPIGHGWTYSAHPIGAAAGVANLKLLDELNLVSNAGEVGAYLNATMAEALSQHANVGDVRGEGLLCAVEFVKDKASRTFFDAADKIGPQISAKLLEQDKIIARAMPQGDILGFAPPFCLTRAEADQVVEGTLRAVKAVLGSLEHHHHHH,,,
A231E:S86T:R46T:D47Q,MLKNDQLDQWDRDNFFHPSTHLAQHARGESANRVIKTASGVFIEDTQGTKLLDAFAGLWCVNVGYGRQEIAEAIADQARELAYYHTFVGHGTEASITLAKMILDRAPKNMSKVYFGLGGSDANETNVKLIWYYNNILGRPEKKKIISRWRGFHGSGLVTGSLTGLELFHKKFDLPVEQVIHTEAPYYFRREDLNQTEEQFVAHCVAELEALIEREGADTIAAFIGEPILGEGGIVPPPAGYWEAIQTVLNKHDILLVADEVVTGFGRLGTMFGSDHYGLEPDIITIAKGLTSAYAPLSGSIVSDKVWKVLEQGTDENGPIGHGWTYSAHPIGAAAGVANLKLLDELNLVSNAGEVGAYLNATMAEALSQHANVGDVRGEGLLCAVEFVKDRDSRTFFDAADKIGPQISAKLLEQDKIIARAMPQGDILGFAPPFCLTRAEADQVVEGTLRAVKAVLGSLEHHHHHH,,,
WT,MLKNDQLDQWDRDNFFHPSTHLAQHARGESANRVIKTASGVFIEDRDGTKLLDAFAGLWCVNVGYGRQEIAEAIADQARELAYYHSFVGHGTEASITLAKMILDRAPKNMSKVYFGLGGSDANETNVKLIWYYNNILGRPEKKKIISRWRGFHGSGLVTGSLTGLELFHKKFDLPVEQVIHTEAPYYFRREDLNQTEEQFVAHCVAELEALIEREGADTIAAFIGEPILGAGGIVPPPAGYWEAIQTVLNKHDILLVADEVVTGFGRLGTMFGSDHYGLEPDIITIAKGLTSAYAPLSGSIVSDKVWKVLEQGTDENGPIGHGWTYSAHPIGAAAGVANLKLLDELNLVSNAGEVGAYLNATMAEALSQHANVGDVRGEGLLCAVEFVKDRDSRTFFDAADKIGPQISAKLLEQDKIIARAMPQGDILGFAPPFCLTRAEADQVVEGTLRAVKAVLGSLEHHHHHH,,,
I234M:V262A:A56G:F168L,MLKNDQLDQWDRDNFFHPSTHLAQHARGESANRVIKTASGVFIEDRDGTKLLDAFGGLWCVNVGYGRQEIAEAIADQARELAYYHSFVGHGTEASITLAKMILDRAPKNMSKVYFGLGGSDANETNVKLIWYYNNILGRPEKKKIISRWRGFHGSGLVTGSLTGLELLHKKFDLPVEQVIHTEAPYYFRREDLNQTEEQFVAHCVAELEALIEREGADTIAAFIGEPILGAGGMVPPPAGYWEAIQTVLNKHDILLVADEVATGFGRLGTMFGSDHYGLEPDIITIAKGLTSAYAPLSGSIVSDKVWKVLEQGTDENGPIGHGWTYSAHPIGAAAGVANLKLLDELNLVSNAGEVGAYLNATMAEALSQHANVGDVRGEGLLCAVEFVKDRDSRTFFDAADKIGPQISAKLLEQDKIIARAMPQGDILGFAPPFCLTRAEADQVVEGTLRAVKAVLGSLEHHHHHH,,,
P423L:A231G:Q369D:H90R,MLKNDQLDQWDRDNFFHPSTHLAQHARGESANRVIKTASGVFIEDRDGTKLLDAFAGLWCVNVGYGRQEIAEAIADQARELAYYHSFVGRGTEASITLAKMILDRAPKNMSKVYFGLGGSDANETNVKLIWYYNNILGRPEKKKIISRWRGFHGSGLVTGSLTGLELFHKKFDLPVEQVIHTEAPYYFRREDLNQTEEQFVAHCVAELEALIEREGADTIAAFIGEPILGGGGIVPPPAGYWEAIQTVLNKHDILLVADEVVTGFGRLGTMFGSDHYGLEPDIITIAKGLTSAYAPLSGSIVSDKVWKVLEQGTDENGPIGHGWTYSAHPIGAAAGVANLKLLDELNLVSNAGEVGAYLNATMAEALSDHANVGDVRGEGLLCAVEFVKDRDSRTFFDAADKIGPQISAKLLEQDKIIARAMLQGDILGFAPPFCLTRAEADQVVEGTLRAVKAVLGSLEHHHHHH,,,
I234M:A231E:S155V:A399P,MLKNDQLDQWDRDNFFHPSTHLAQHARGESANRVIKTASGVFIEDRDGTKLLDAFAGLWCVNVGYGRQEIAEAIADQARELAYYHSFVGHGTEASITLAKMILDRAPKNMSKVYFGLGGSDANETNVKLIWYYNNILGRPEKKKIISRWRGFHGVGLVTGSLTGLELFHKKFDLPVEQVIHTEAPYYFRREDLNQTEEQFVAHCVAELEALIEREGADTIAAFIGEPILGEGGMVPPPAGYWEAIQTVLNKHDILLVADEVVTGFGRLGTMFGSDHYGLEPDIITIAKGLTSAYAPLSGSIVSDKVWKVLEQGTDENGPIGHGWTYSAHPIGAAAGVANLKLLDELNLVSNAGEVGAYLNATMAEALSQHANVGDVRGEGLLCAVEFVKDRDSRTFFDPADKIGPQISAKLLEQDKIIARAMPQGDILGFAPPFCLTRAEADQVVEGTLRAVKAVLGSLEHHHHHH,,,
