mutated_sequence,Expression
SRPDLTNVPGLLGEIARWRASVIVPHPLPCPPKRPSFATALLRPGLAIIATYMNKAPDGLSVNIHHGEYAKTAAKIAAALIIVTDEKYFNGSAETLRKIASSVDIPILHWEFIVDPTIIYAAAADNAAAVILIAQILDDDQFRQLAAVAHALKLDVVVDITSEEDWEKIASVIRPKIIVIVTTDLATLETDKSILWKLMKLIPPNTILAAAGGYSRKEELKALEGIFDAVMISTSIMRAPDPEAFIRKLLG,
REMWLIMKQVAEDITQMQAENMIPEIRNHLFLQHLSGKYRVKIIAVYMNKAMDGLSANIDHIEYAKTAAKIAAALVILTDEKYFNGSAETLRKIASSVDIPILHWHFIIDPTAIRAAAADKADAVVLIASILDDDQYRQLAAVAHALHLDVVLDITSEEDWEKIASVIRPKIIVIVTQDLDTFKIDKSILWKLMKLIPPNTVVIAASGIKDPRELKDLRGKVNAVIISTSIMKAPDPKAFLEKAEKHSE,
PSAMDAAVAGAREDVAAREARVSFDELKERAARAPPPRDVLAALRAPGVAVIALVARASPSDGAIRPLDPVEAAREYEKGGASAISVITDPRYFGGSLEYLKAIRSAVDLPILCVNWIVDPAQIYLARAYQADAIVLFLSVLDDEQARQLAAVAHSLNMGVIVVVHDEEDLEKVFSVIKPKIIAIDNLDLDTFEVDLNTTEKLLKLIPPDTIVISVGGIYTYQQVRELSHYANGFWIGSALMSEDDLHAAVRRVALGDNKA,
PRYLKGWLRDVVQTALRRPSIEDQPQKPAISIASAIEEAKKRNKPAIIALYTRKSPSGLDVERDPIEYAKFMEKYAVALVVLTDQKYFNGSPEDLKKIASAVSIPILCFDFIVDEYQIYEAYALGADAILLIVAILDDEQLRELYEAAKELGMDVLVDVHTEEELERALRAGAEMIGINNQDLKTLEVDPNTAERLGRLARERGFTGVLVAISGISTAEDIKRLRKAGVDAFLIGSSLMRNPDKAKKFRE,
MEEVLAKIVRDKRIWVEERQQQQPLESFQNTVQPSTRNFYDALQGDKAVFIAVYMRKSPSGLDVERDPIEYAKFMEKYAAGLIVLTDEKYFNGSYEDLRKIASAVSIPILMYDFIVDEYQIFQARALGADAVVLFVAILSEEELKSLLEYARSYGMEPLIDIFDEEDLEIALKIGARLIGVGSMDLKTNRVDLETQKRLISLIPSDVIIVAIGGISEPEQVKELRKLGVDAFIIGSTLMRNPEKIKELTE,
MEEVLAKIVRDKAIWVEARKQQQPIESFRDELQPSTRNFYQALTGDRTAFILPCIKASPSKGLIREDFDPVRIASVYRHYASAIAVLTDEKYFQGSFDFLRQVRAVAPQPVLMFDFIIDEYQIYQAALAGADAVLLIVAILSDEELKHLYEFARSLGMDVLVDVHTEEELERALRLGARVIGIGNTDLRTMEVDPNTAERLGRLARERGFTGVLVAISGIYDPQQLKDLRGYFDAVLVGTSLMRAEDPKKACKEMVAWAE,
PTALDAIVAGAREDLAAREAHVSFDELKERAERAPPPRDVLAAFRAPGVCLILVCLKASPSKGLIREDFDPARIAAVYRHFADAITVLTDEKYFQGSFDFLRIVRNVAPQPIICWDFIIDEAQIYEAKAYGADCILLIAAILDDDQLKHLYEAAKELGMDVEVIVHTEEELERALKAGAEIIGILNRDLKTFEVDRNTFERLGRLARERGFTGVLVALIGVRGPEDLLHYAAAGADAVVVGQGLVTHGDPKQALADLVTAGTHPSCPR,
PSAADAIVAGVREDVAAREAVVSFDEMKERAERAPPPRDALAVLRAPGVAVIAIFLKASPSKGDINPDADPEEIIRIYNKYADAITILTEKDYFKGSPDYIKQARKITNLPIICWDFIIDEYQIYEARAAGADAILLIAAILDDDQMKTLYEAAKELGMECIVDVHTEEELERALRAGAEIIGILNRDLKTFEVDRNTAERLARLARERGFTGVLIAIGGISEPEEIKRLAKLGVDAVLIGETLMKNPDKAQEFRE,
PSVLDDAVAGAREDVAAREARLSFDELKEQAERAPPPRDALAALRAPGVQVIAICLKATPSSGLIREDFDPARIASVYRHYASAITVLTNEKYWQGSFDFIRIVRAVAPQPVLAVDFIVDESQIAEAAAAGADAVELIVAILSPEELASLIEYAQSYGMEPLVIVHTEEEAERALAAGAKVIGVLAWDLKTMEVDPSAFARIADRLPDDVVKVALAGVRGPEDLLAAAAAGADAVLVGLGLVTHGDPRQALADLVTAGTHPSCPR,
MRKLEKILEEAKKFKQSIEYENIQFQEKNKNFLKAMLGSERIRIILLCIKASPSKGLIREDFDPVRIAALYRHYADAIAIITDEKYYQGSFSFLRQVAAVATQPIICVDFILDKSQILQAAAAGADAVWLIVKILSPDQLKSLYEYAESYGMQPLITIHDEEDLEIALRIGAKIIEISSVDLDTFSVDLELQKKLMKLIPPEIVIIALTGITGPEDLMEYAKWGADAVLVGIGLITDGDPRQALADLVTAAQHPSCPS,
MDDADLRNVKGVIAEIAKSVYKDQRPYPLPEPPPGKDYEAAMRRPGVALICLFIKASPSKGDINPDADLEKIIRIYDKYADAIVILTDPHYWKGDDQYIQRAKNYTELPIIRMNWIVTEYQVYEARAHGADAVILVVAALEQEVLESLYELIESLGMVAVVEVHTEEELERALRAGARVIGILNVDMRTMEVDRSVAEHLGRLARKRGFTGVLVTIGGVSSKEEIKRLEKAGVDAILIGDTLMKNPSKAEEFRE,
MEEVLAKIVKDKAIWVEARKQQQPIESFRDELQPSQRNFYQALTGDRTAFIAICLKASPSKGLIREDFDPVRIASVYRHYADAIIVLTDEKYFQGSFDFLRQVAKVVPQPILCFDFIIDPYQIYLARYHQADAILLMLSILNDEQYRQLAAVAHSLNMGVLVDVHDEEDLEKVFSHVRPKIIGISNTDLKTLETDLNTTEKLLKLIPPDTVVVSSSGIYNPEQLKDLRGKVDAVLVGTALMRAEDPKKFCKDMIAAAE,
MDDADLRNVTGELAKIAKTIAKSIRPYPLPEPPPGPSFESALRRPGIAIICLFIKASPSKGDINPNLDLESVIRMYDKYADAIEILTEPHYQKGSPDYIKQARKYTNLPILRWDFIVTEYQIYEARAHGADAILLIVALLEQEVLESLIALIESLGMVPVVIVHTEEEADRALKAGARIIAILTEDLKTGDVDKTLFERIADLLPDEVVRICVGGIYDPQQLKDLRGKADAVLIGEALMRAEDPKKMLQDFLAYAE,
RKYEEIIEEAKKKKQELEEENIQFQPKNHSFLKALLGKERIALICVYARKSPSGLDVERDPIEFAKTAEKYADALAVITDEKFFNGSLEDLRRIRSAVSIPIERLDFIVDPAQIFEAAAHGADAIWLIVAVLGDRLAEFYKIAQELGLDVIVLVHDEEDLEKVFSYCKPKLIAILNRDLDTFEVDLNTTEKLLKLIPPDCVIIVVGGYSTKEQLKSLKGLADAVLIGESLMRAPDIHKAIAELVG,
PSVLDSIVAGAREDAAARRAQVSLDEMKERAAKAPPARDAMAAFRAPGVAVIALVGRASPSEGDIRPLDPVEAARTYEEAGADAITVLTDPRYFGGSLEDLRAIREAVDLPIIRYDFIVDESQILEAKAAGADAVLLIVAILTEEELKHLYEFARSLGMEVIVDIHDEEDLEIALRIGARLIGINSKDLKTNEVDLETQKRLISLIPSDVVIVALSGIYNPQQLKDLRGYVDAVLVGTAIMRAEDPKKFLKEMKAWAE,
MDDADLRNVPGELAKIAKTILADVRPDQLPEPPPIPSFEDALKQPGVALIALYARKSPSGMDVERDPIEYAKMMEKYVTALVVLTDPKYYNGSLEDLQKIRSAVSIPVIRQDFIVTEYQVYEARAHGADLVPLIVALLEEEVLRRLYELIQSLGMVALVLISTEEELKRAIKLGARVVGILNVDERDNSIDLNRTKHLAPQLGPGIIIEALGGIYDPRQLKDLRGLVDAVFIGEALMTAEDPKKTLQEMFKYAK,
PSVLDALVAGAREDVAAREARLSFDELKEQAARAPPPRDALAALRAPGVSVILICLKAQPAKGLIREDFDPVRIASVYRHYASAIAVITDEQYLQGSFDFLRQVSAVAPQPILAIDFVVTPYQIHEARAHGADMVELIAAALEDAQMEELYERTESLGMHALVVVHDEEDLEKVFSHIKPKIIGIWNRDLDTFEVDLNTTEKLLKLIPPDTIVVSIGGIYTYQQVRELSHYANGFLISSALMSEDDLEAAVRRVTLGDNKA,
PTASDDHITNVRKIQAKREAKVSYNDLKAIAASAPPPCDVLAALRSPGLVIIAVLIKASPSTGLILDDFDPKRIAALYRQYAVAIIVATDRSVFQADFNFIRIIAQIAPQPIIAWNYYTHIAQIAWAAAAGADAIVLITATQTEDLLATLHKYAKKYKMDTFVDIFSEEDWEKVASVIRPKIIVIVTTDLDTFKTDKSILWKLMKLIPPNTIIVAVSGISEAEELEELRKLGVNAAVISETLMRNPEKIAELNR,
DAAIIKHVKGEQAEIAKAVYLNIKPKPLAEPPPGRSFEAALRRPGVAIIAIFLKASPSKGDINPDADPEEIIKIYNKYADAITVLTEEHFFKGSPSYIQQARKHTNLPILRWDFIVDERQILEARALGADAILLIVAILTPKALKSLYEYARSLGMEVLVDVHTEEELERALKAGAKIIGILNRDLRTFEVDPNTAERLGRLARERGFTGVLVSIGGIYNPQQLKDLRGYFDAVLVGESLMRAEDPKKFLEEMIAWAE,
MEEVLAKIVRDKKIWVETRKQQQPLESFRDTIQPSTRNFYDALQGDRTAFIALFTKASPSEGDINPDADPVEIIKIYNKYADAIAVLTDEKYFKGSPEYLKEIRKHTNLPLLCIDFIVTPYQIWEARAHGADVVVLYVAALDQDQMRRLLELIHSLGMTALVDIHDEEELEIALRLGARIIAIGNRDLKTNEVDLETAKKLASLIPSDVIIISFSGIYDPRQLKDLRGVYDAFCIGTALMRAEDPHKFLKELIAWIE,
PSVADAAVAGAREDLAAREARLSFDELKEQAARAPPPRDALAALRAPGVAVIAICMKASPSKGLIREDFDPARIASVYRHYASAIAVMTDEKYFQGSFDFLRIVRAVAPQPIEAVDFIIDPAQIYLARAHQADAILLIASVLDDEQARQLAAVAHSLNMGVFILVHDEEDLEKVFSVIKPKIIAILNTDLDTFETDLNTTEKLLKLIPPDTIVITVGGIYDPRQLKDLRGKVDAVFVGESLMRAEDPKKFLKEMIAWAE,
MEEVLAKIVRDKKIWVEERKQQQPLESFRDKVQPSTRNFYDALQGDKTAFILVCLKASPSKGLIREDFDPVRIAAVYRHYANAITVLTDEKYFQGSFDFLRQVSQVAPQPILCFDFIVDEWQLYLAALFGAAAILLIVAILGDRTKEFIDMARELGLDVLVDVHDEEDLEKVFSYCRPKIIGVVNTDWRTMETDLNTTEKLAKLIPPDTIVIAISGISEPEQVKRLRKAGVDGVLIGSTFARNPDKAAEAKE,
SRADLTNVPGAVGEFARARASVIVPHPVPCPPKVPSFYEALLRPGAAIIALFTRASPSKGDINAHANLEAFIRWYAELADAISIMTEKHYNKGDPAFIKHARNLVSFPILRFDFVDDPFMLYAARAFGAAAIVLIVALTGHRTGEYLEIAARYDLDVLIDITSEEDWEKVASVARPPIWVIVTTDLATFETDKSILWKLMKLIPPNTVILVVGGIYVAAIIEEQASGADGFIISEALMAHDDLHSALRRLLEANQNR,
PSVLDEIIAAARKDAAARRAQVSLDELKEQAERAPPPRDAMAAFRAPGCAVILLCEKASPSKGLIREDFDPVRIASVYRHYADAIYVITDEKYFQGSFDFLRQVSAVVPQPIYCYDFIVDEYQIAEARAAGADAVLLIVAALSEEELKSLYEYARSLGMDVLVDIHDEEDLEKVLSVIRPKLIGIVNTDWKTFETDLNTTEKLAKLIPPDTILVAISGISEPEQIKRMRKAGVDAVLIGSTFARNPDKAAEAKE,
PSVLDAIVAGVRADVAAREARVSFDELKRRAERAPPPRDVLAALRAPGVSLICVFLKASPSKGDINPDADPEEIIKIYNKYADAITVLTEKDYFKGSPDYLKQARKATNLPIIRWDFIIDEIQIYEARAAGADAILLIAAILDKDQIKELYETAKELGMDVEVVVHDEEDLRKVFSVIKPKIIAIINQDLDTFRVDLNTTEKLLKLIPPDTIVVCIGGIYTYNQVRELSRYANGFVISSALMSEDDLEAAVRRVLLGDNKV,
PTALDDHNTDARKEQARREAKVSYNDFVAIAALAPPPCDIMAVLRSPGIAIIALFKRASPSKGDINAHANLEKFIRWYDEFADAIQIMTEKHYFKGDPAFIRHARNLTNRPIIMFNYITHEAQIATAAAVGADAVILITASLTDDELRTLIEYAKKYKMDTMVDVHTEEEAKRALKAGVKVICVVPVVIWTDEVDEEALKKIARNLPPEVIIILVSGINVAAIVEELAHHADALVISDAIMAHDDIHSALAKVMKHNQNR,
GSVLDEILAGVREDLAARKAVVSFDEIKERAARAPPPLDVMAALRAPGVGVIALFTKASPSKGDINPDADPEEIIRAYNDYADAIVVATEERFNKGSPEYLKQARKVTNLPIIRWDFIIDEYQIYEARAAGADAILLIAACLDDEQMKRLYETARNLGMDVWVDIHDEEDLEKALKAGARVIGVVSKDLKTNSVDLETTKRLISLIPSDVIIIAMFGVRGPEDLLAFAAWGADAVLVGDGLVTHGDPRQAVADLVTAGTHPSCPR,
GSVLDEILDGVRKDVAAREALVSFDEIKERAARAPPPLDVMAALRAPGVGVIAWFTKASPSKGDINPDADPAEIIKAYNEYADAITVTTEERFFKGSPEYLKEARKITNLPILRFDFIIDEYQIYEARAAGADAILLIAACLDDEQMKRLYEAARELGMDVWVDVHTEEELERALRAGAEVIMILNFDQRTAEVDLNTFERLGRLARERGFTGVLIAAGGVRGPEDLLHYAAAGADAVLVGDGLVTHGDPRQAVADLVTAGTHPSCPR,
MDLPDLRNIPGEVAKIAKAVKKSLRPYPLPEPPPVRSVEEALRRPGVAIVALFLKASPSKGDINPDADPAKIIKIYDKYVDAIAILTEKHYHKGDMSYIQKARQYTNLPIIRQDFIVDPYQLYEARAHGASAILLIVRLLGDKLEDFIKLAHELGMDVFTLISTEEEMKRAIALGAKIVAILNIDYRDNSIDLNRTKHLAPQLGPGVVIEAVGGIYDPRQLKNLRGKVDAVLVGEALMRAEDPKAFLAEMLKCAE,
PSVMDAIIAGVREDVAAREARLSFDEIKEQAERAPPPRDGLAALRAPGVGVIAWVMRASPSEGAIRPLDPVEAARTYEEAGASAIFVLTDPRYFGGSDEDLKAVRSAVDLPILCVNFIVDPAQIYLARAHQADAIVLIASVLDDEQYRQLAAVAHSLNMGVFVDVHTEEEAERALQAGAKVIAVLARDLKTFEVDRSAFARIADLLPDDVVRVAIGGIRGPEDLLAAAAWGADAVLVGEGLVTHGDPRQALADLATAGTHPSCPR,
PSVADAIVAAVREDVAARKAQVSFDELKARAAKAPPPRDVLAALRAPGVGIIALFLKASPSKGDINPDADPEEILKIYNKYADAIDVLTEKKYFKGSPEYIKQARKVTDLPILCWNWIVDPAQIYLARAYHADAIVLLLSVLDDEQARQLAAVAHSLNMGVLVFIHDEEELEIALRIGARLIGILSRDLKTFEVDLETQKKLISLIPSDVIVVAIGGISEPEQIKELAKAGVDAVLIGETLMKNPDKIQEFTE,
PSVLDEIIAGVREDAAARAAQVSLDELKERAARAPPPRDVMAAFRAPGVAVILVCLKASPSKGLIREDFDPARIAAVYRHYANAIVVLTDEKYFQGSFDFLRIVSSQAPQPIICYDFIVTPYQIYEARAHGADLVLLIVAALDQEQLRSLLELVHSLGMTAVVDIFDEEDLEKVLSHVRPKIIGITNTDYKTFETDLNTTEKLAKLIPPDTIVISFSGIYTYQQVRELSHYANGFLIGSALMAEDDLEAAVRRVLLGDNKI,
MEEVLAKIVKDKAIWVEARKQQQPLESFRDSIQPSQRNFYQALTGDRTAFIAVYTRKSPSGLDVERDPIEYAKTMEKYAAALIVVTDEKYFNGSLEDLRKIRSAVSIPILRWDFIIDEWQIYEAAAAGADAIVLLAAILDDDQLKELYEAAKALGMDCLVDVHTEEELERALKAGAEVIGIINMDLRTMEVDRNTAERLGRLARERGFTGVLVAISGISTPEDLKRLKKAGFDAAIIGSSLMRNPDKAEEFIE,
MIRELKGWLKEVAEMAKNRPPFDAQREKPVISLASRILEAKKRGKLALICLYVRKSPSGLDVERDPIEFAKLMEKYAVALAVLTDEKFYKGSLEDLRRIRSAVDIPIIMVDFIVDESQIYEAYAAGADAILLIVSILTDDELKRLYEYARSYGMEPIIIVHTEEEADRALKAGAKIIAINAQDWRTGDVDQSLFERIADRLPDEVIKEAVGGISEPEQLKRLRKLGVDAVFIGETLMRNPSKIEKFRE,
MEEVLARIVKDKEIWVETRKQQQPLESFRDKLQPSTRNFYQALTGDRTAFIAVYLRKSPSGLDVERDPIEYAKTMEKYADALVVLTDEKYFNGSLEDLRKIRSAVSIPILRFDFIVDSYQIWEARAHGADAVVLIVAALDDEQLRELYERIESLGMTAHVDVHTEEELERALKLGARIIGIVNTDLRTMEVDRNTAERLGRLARERGFTGVLVAISGIHEPEEVERLRKAGVDAVIIGSTLMRNPDKAKEFKE,
RKEEEIIEAAKKKKQELLEENIQFQRRNHAFLKALLGKERVKLIADILKASPSKGDINPDFDLEEIIRIYNKYADAITVLTEEDFFKGSPEYLQQARKITNLPILRWDFVVDPAQIWEAAAHGADAILLIVRVAGDRTAEFYKLASELGLDVLVLVHDEEDLEKVFSYLKPKIIAIINRDLDTFEVDLNTTEKLLKLIPPDCIVIAIVGVRGPEDLLRYAAQGADAVVVGEGLVTHGDPRQALADLVTAGTHPSCPR,
PRELKGWLKEVVQRAKRRPSIEAQRKKPIISLASRILEARKRGKLAIICIVIKASPSKGDINPDADPEEIIKIYNKYAAAITVLTEEDFFKGSPEYLKQARKITDLPLLCWDFIVDEKQIYEAYALGADCILLIAAILDDEQIKKLYEAAKELGMDVLVDVHDEEDLEKVFSVIKPKIIAILNRDLKTFEVDLNTTEKLLKLIPPDTIVVAIGGYSTKEQLKSLEGLADAVLIGESLMRAPDIAAALRELIG,
GRPDLTNVPGLLGEFARARASVIIPHPVPCPPKVSSFYEALLRPGLALILVIIKASPSEGLIRDDFDPRRIAALYRQYAAAIIVATDRQVFQGDNNFLRIIAQIAPQPIGAFDFIVDPFMLYAFRAFGAAVVVLIVALLGELTGEYLEIAARYDLDVLIDITSEEDWQKVASVARPKIIVIVTMDLATMTIDKSILWKLMKLIPPNMVIILAGGIEDPRELKDLRGKVNAVIVSTSIMKAEDPRAFLEEMEKHAH,
DHPSTGWLKDVILMAKHMPMFIDEVEKPIRKLAETILEFNKRNITAIIALYTNKAPDGLSTNMHHQEYALTAAKYAAALVIITDEKYFNGSYETLRKIASSVDIPLIHWHFIVDPALIVAAFAANATAIVLILSILDDDQYRKLAAVAHALDMDVLVDVTTEEQAKRALKLGAKVIVVVPLVSDTGEADEEAIKKIARNLPPEVLIIVAGGIHNAEDLKKAMAAGAHAVIIGHGLVTNGDPRAAFIRLFLAGTDPSCPY,
MPSALDEIISGVRQDVAARESKVSFDEMKERAERAPPTLDVLAALRAPGIALICLYIRKSPSGLDVERDPIEWAKIAEKYAAALVVLTDEKHHNGSLEDLKKIRSTVTIPVIMADFIIDEYQIYEARAMGADAILLIVAILDDEQLKKLYETAKKLGMDVIVLVHTEEELERALRLGAEIIGILNIDLRTFEVDRSVAEHLGRLARKQGFTGVLEAVGGYSTPEELKSLRGIFDAVFIGESIMRAPDIEDKIRKLVG,
PSALDALIAGVREDVAAREADVSFDEIKEQAERAPPPRDALAALRAPGVGVILICLKASPSKGLIREDFDPLRIASVYRHYASAIAVVTDEKYFQGSFDFLRIVRAVVPQPILCVDFIVTPYQIHEARAHGADLVWLIVAALEQEQLEELYERVESLGMHALVVVHTEEELERALRAGAEIIGIDNIDLHTFEVDPNTTERLARLARERGFTGVLISIGGIYNPQQLKDLRGYVDAVLVGESLMRAEDPKKFLKEMIAWSE,
DLPSDGWLKNVILAAAHRPMLIDELKRPIRKLAETILEFNKRNITAIIAVIIKASPSTGLIRDDFDPVRIAALYAQYAAAIAVAADEKAFQAAPYFIRIIAQIAPQPIIKWDFVTNPEMLEAAWRLGAAAIVIIVALTGHRTGEYLEIARRLDLEVLVDIYSEEDWEKVASVARPKVWVIVTTDPETFETDKSIVWKLLKLIPPNTVKLLVSGTNVARIAIEQAHCVDGFFISSALMAHDDLHAAMAKIARANKNA,
MDRPDLRNVKGEIAEIAKQILKDLRPSPIAPPPPGLDFEAALRKPGVSILAMVYRASPSQGNIKPLDPVQQAQTYEKAGADAIVVLTDPKYWGGSMEDLKKIAQAVSLPIECVDFIVDPWQIYLARHYQADAILLMLSILSDETYKQLASVAHALNMGVIVIVHTEEEAERALKLGARVIAILAQDWKTGKIDRSAFERIAGRLPDEVVRIAAAGITGPEDLLHYAAAGADAIFVGIGLITDGDPRQAIADLVTAAFHPSCPK,
MEEVLAKIVKDKRIWVEARKQQQPLESFQNEVQPSTRNFYQALQGDKTAFILVCIKASPSKGLIREDFDPARIAAVYRHYADAIAVLTDEKYFQGSLDFLRIVSAVAPQPILCYDYIVDSYQIHQARAYGADAVLLLVAALDQDQLRELLERVHSLGMTAVVDVHTEEELERALRAGAEVIGINNTDYKTMEVDPNTAERLGRLARERGFSGVLISISGIYTYQQVRELSHYADGFLIGSALMAEDDLEAAVRRVLLGDNKI,
PSALDAIIAGIREDLAAREARVSFDELKEQAERAPPPRDAMAVLRAPGVAVIAIFIKASPSKGDINPDADPEEILRIYNKYADAITVLTEKDYFKGSPEYLQQARKVTNLPIECVDFIVTPYQIYEARAHGADMVWLIVAALEQEQLEELYERVESLGMHAIVTVHTEEELERALRAGAEIIGILNTDLRTFEVDLNTAERLGRLARERGFTGVLIVIGGYSTPEELKSLEGIFDAVLIGESLMRAPDIAAAIRELIG,
PRYAEGWLKIVIQHALRRPSIEAQRDRPIINLAERILEANKRNKVAIIALFTKASPSKGDINPDADPEEIIKIYNKYADAISVLTEEKFNKGSPEYIRQARQATNLPILMWDFIVKEIQIYDAYALGADCVLLIVAILTEEELKSLYEYAKSYGMDPLVDIHDEEDLRQVLSALRPKLIGINNTDLKTFQTDLNTTKKLAKLIPPDTIIVAISGISSKEEIERLRKLGVNAFLIGETLMKNPEKAKEFKE,
PSALDAAVAGAREDLAAREARVSFDEMKERAERAPPPRDALAALRAPGVGVIAVVARASPSEGAIRPLDPVEAARAYEQAGASAISVITDPKYFGGSFEDLKAVRSAVDLPIEAVDFIIDEAQIYEAKAAGADAILLIAKILDKEQIKELYEAAKELGMDVIVLISNEEEMERAIALGAKVVAILNRDLRDLSIDLNRTRQLAPQLGHGVIVISVGGIYTYQQARELSHYANAFYIGSALMSEDDLEAAARRVALGDNKA,
DEAILKHVKGALAAIAKAVKEQLKPKPLPEPPPGRSFEAALRQPGIAIIAMFVKASPSKGDINPDADPEEIIRIYNKYADAIEVLTEEHYFKGSPDYIKQARKVTNLPILRWDFIVHEWQIYEAAAAGADAILLIAAILTDKALKDLYEAARELGMDCLVVIHDEEELERALRAGARIIGILSQDLHTFEVDLETFEKLISMIPPDIIIVAVWGIYDPRQLKDLRGYVDAVLVGESLMRAEDPKKFLAEMIAWAK,
METVLAKIVRDKAIWVEARKQQQPLESFRDKLQPSTRNFYQALTGDRTAFIAWVGRASPSEGNIRELDPVEAARTYEEAGADAITVLTDPKYFGGSDEILKAVRSAVDLPILCFDFIIDPWQIYLARYYQADAVTLILSILDDEQYRQLAAVAHSLNMGVLVDVHTEEELERALRAGAEVIGIGNTDYRTLEVDRNTAERLGRLARERGFTGVLVAIGGISEPEELKRLKKAGVDAVLIGSTLMRNPDKIKEFRE,
MEEVLAKIVKDKAIWIEERKQQQPLESFRDSIQPSTRNFYDALTGDRTAFILECIKASPSKGLIREDFDPARIAAVYRHYASAIAVLTDEKYFQGSFDFLRIVRSQVPQPILCFDFIIDPIQIYLAAAYGADAILLIVAILDDEQMKELYELARELGMDVLVTVFDEEDLEKVFSVMRPKIIGIANTDLRTMEVDLNTTEKLAKLIPPDTILIAWGGVRGPEDLLRAAAWGADAVLVGQGLVTDGDPRQAVADLVTAGSHPSCPR,
PSVLDAIVAGAREDMAAREARLSFDELKEQAARAPPPRDALAALRAPGVAVIAMFIKASPSKGDINPNADPEEVIRIYNKYADAIAVITEKDYFKGSPEYIQQARKATNLPILAIDFVVDAYQIHEARAHGADLVLLIAAALEDAQLEELIERVHSLGMVAIVTVHTEEEAERALAAGAKVIAVFAMDFKTAEVDREAFARIADRLPDDVVRIAVVGIRGPEDLLAAAAWGADAVEVGDGLVTHGDPRQALADLVTAGTHPSCPR,
PSAMDAIVAGAREDVAAREARLSFDELKEQAARAPPPRDALAALRAPGVQVILVCQKASPSHGLIREDFDPVRIASVYRHYASAIAVITDEKYFQGSFDFIRQVSAVAPQPILAVDFIVTPYQIHEARAHGADMVWLIVAALEDAQLEELYERVESLGMHALITVHDEEDLEKVFSHIKPKIIAIDNVDLDTFEVDLNTTEKLLKLIPPDTIVISVGGIYTYQQVRELSHYANGFIISSALMSEDDLEAAVRRVTLGDNKA,
MPSVLDAILSGVLEDVAARKAKVSLEELKERAKRAPPPLDALAVLLAPGIAIICIIVKASPSKGDINPDADPEKIARIYDKYADAIIVLTEERYWKGSLSYIQRIRSTTNLPIICWDFIIEPYQIYEARAHGADLVILIVSALDEEQLRRLYELIESLGMVAIVDISTEEEMKRALALGAKVIAIINIDQRDFSIDLNRTKHLAPQLGPGVIIIAIGGIYDPRQLKDLRGLVDAVLVGEALMRAEDPKKFLQDLLAYAH,
IHPNTGWLKYVILAALHCPKFIDEMERPIRKLCEVILEFNKRNITAIIAVCMKASFSKGLIVDDFDPRRIAALYRQYAAAIAVMADEIIFQAAPLFIRIIAQIAPQPILMLDFIVKEEQIERAYAAGADAIVLITEIQTEDLLKTLIKFAKKFDMVPMIEVHTERDLEIAIRAGAKVLAIWNMDQKTMRENVETARDLGRLARKRGFNGVLVAISGISEAEQLEELRKLGVNAFMISETLLKNPEKIKELNR,
PSVLDEIIAGVREDVAARAAQVSLDELKERAARAPPPRDAMAAFRAPGVAVLLVCLKASPSKGLIREDFDPARIAAVYRHYADAIVVLTDEKYFQGSFDFLHIVSQVAPQPILCADFIVDEYQVHEARAHGADMVLLMVALLDQDQLRSLLELIHSLGMTAIVDVHDEEELERALRAGARVIGINNTDLKTNEVDLETTKKLASLIPSDVIIISWSGIYDPRQLKDLRGYFDGFLIGTALMRAEDPKKFLRELKAYAE,
MKKLEKIIEAAKKKKQELEEENIQPQMKNHNFLKALLGKEKIRIILLCIKASPSKGLIRDDFDPLRIAAIYRHYADAITVLTDEKYGQGSFSFIRLVAAVAPQPIICWDFIIDKIQILQAAAAGADAILLIVSILSDDQLKELYETAKKLGMDVETLISTEEEMKRALKLGAKIIAILNVDLRDFSIDLNRTKHLAPQLGPGIIVIAVGGIYDPRQLKDLRGLVNAVLVGAAIMQAEDPKKFLADLLKYAE,
PSVLDEIIAGAREDVAARRAQVSLDELKEQAARAPPPRDAMAAFRAPGCAVILVCLKASPSKGLIREDFDPVRIASVYRHYADAIVVLTDEKYFQGSFDFLRQVSQVAPQPILCYDFIVDEYQVWEARAHGADMVLLIVAALDQDQLRSLLELIHSLGMTALVDVHTEEELERALKAGAEVIGINNMDYRTMEVDLNTAERLGRLARERGFSGVLVAISGISEPEQIKRLRKAGVDAVLIGATFVRNPDKAAEAKE,
MPSVLDAIVSGAREDARAREAKVPLDELRERAKRAPPPRDVLAALLKPGVAIILLCVKASPSKGLIRDDFDPVRIAAIYRHYADAIAVLTDEKYYQGSLSFLRQVRAVAPQPILCVDFIIDESQIYQAKAYGADAVWLIVAILSPDQLKKLYEIAKSLGMDPIITVHDEEDLEKVFSVIRPKIIEIVNTDLDTWSTDLNTTEKLLKLIPPETIIIAVGGIEDPRQLKDLRGKVDAVLVGVSIMRAEDPKKFLADMLAYAK,
DRPILKHVKGEAAKIAKAVAENQKPKPLPEPPPIRSFEAALRQPGVAIIAIYARKSPSGMDVERDPIEYAKTMEKYAAALAVITDEKFFNGSLEDLRKIRSAVDIPIERLDFIVDPYQIEEARAHGASAIWLIVAILGDRIKEFYEYARELGLDVLVLVHDEEDLEKVFSHCKPKIIAILNQDLHTFEVDLNTTEKLLKLIPPDCVIICVGGIYDPRQLKDLRGKVDAVLIGEAIMRAEDPKKFLKEMFAYSQ,
PSAMDAAVAGAREDMAAREARLSFDELKEQAERAPPPRDALAALRAPGVQVIALVARASPSQGNIRPLDPVEQAKEYEKAGASAISVITDPRYFGGSDEDFKAIRSAVDLPIEAVDFIVDPAQIYLARAYQADAVLLLLSVLDAEQARQLAAVAHSLNMGVVVVISNEEEMERAIALGAKVVAILNRDLRDLSIDLNRTRQLAPQLGHGVIVISAGGIKEPEQIKRMAKLGVDAVWIGETLVRNPDKIKEFKE,
PRELKGWLKEVVQIAKRRPSLEAQRKKPIISLASRILELRKRGKLAIIALYMRKSPSGLDVERDPIEYAKTMEKYAVALAVITDEKFFNGSLEDLKKIRSAVDIPILRVDFIVDEKQIYEAYALGADAIWLIAAILDKDEIKELYEIAKSLGMDVLVLVHDEEDLEKVFSVIKPKVIAIDNRDLKTFSVDLNTTEKLLKLIPPDCVIVAVGGISEPEQLERLRKLGVDAVLIGETLMRNPDKIKKFQE,
GRPDLTNVPGLLGEFARARASVIIPHPVPCPPKVPSFYEALLRPGLALILVILKASPSEGLIRDDFDPRRIAALYRQYAAAIIVATDRQVFQGDNNFLRIIAQIAPQPIGAWDFILDPFMLYAFRAFGAAVVVLIVNLLGHLTGEYLEIAARYDLDVLIDITSEEDFQKVASVARPKIWVIVTMDLTTMTIDKSILWKLMKLIPPNMVIILAGGIKDPRELKDLRGKVNAVIVSTSIMKAEDPRAFLEEMEKHAH,
RKEEEIIEAQKKKKQELLEENIQFQRKNHSFLKALLSKERLKIIAVFVKASPSKGDINPNADPEEIIRIYNKYADAIEVATDEDFFKGSPEYLQQARKATNLPILAWDFIIDPAQIYLAAHYQADAVVLILSVLDAEQYRQLAAVAHSLNMGVLVVVHDEEDLEKVFSVIKPKIIAILNRDLDTFEVDLNTTEKLLKLIPPDTIVVAIGGYSTKEQLKSLKGLFDAVLIGESLMRAPDIAAAIRELIG,
PSVLDSIVAGAREDAAARRAAISLDELKARARKAPPARDVLAALRAPGVAVILVCLKASPSKGLIREDFDPVRIASVYRHYADAIVVLTDEKYFQGSYDFLRQVSAVVPQPIICFDFIVDEVQIAQAKLAGADAVLLIVAILTDEELKRLYEYARSLGMEVIVDVHTEEELEKALRLGARIIGINNTDLHTMEVDPNTAERLGRLARERGFTGVLIAHSGIYDPRQLKDLRGYFDAVLVGTALMRAEDPKKFLKEMLAWAE,
MARELKGWLKEVVDRAKNRPTIETERKKPVISLASRILEIKKRGKLAIIALIVKASPSKGDINPNADPVKIAKIYSKYAAAIAILTERDFHKGSPSYIQEIRQHTDLPLICVDFIVDERQILEAYALGADAILLIVAILTEDELKHLYKAAKKLGMDVIIDVHTEEEADRALKVGAKMIAVNALDYRTGEVDMSAFERIIDRLPDEVVKITVGGISEPEQLKELRKLGVDAVFIGETLMRNPSKIQEFIK,
MEEVLAKIVKDKAKWVEARKQQQPLESFRDEVQPSTRNFYQALQGDRTKFIALYLRKSPSGLDVERDPIEYAKEMEKYAAALVVLTDEKYFNGSYEDLRKIASAVNIPILCWDFIIDEIQIYQAAAAGADAILLIAAILDDEQLKELYEAARELGMDCLVDVFTEEELERALRAGARIIGIGNMDLKTMEVDLNTAERLGRLARERGFSGVLVAISGISEPEQIERLRKAGVDAVLIGSTFVKNPEKAKELKE,
PRELKGWLKDVVQLALRRPSIEAQRDKPIINLAERILEANKRNKVAIIALFTKASPSKGDINPDADPAEIIKIYNKYADAIWVTTEEAFNKGSPEYIREARQHTNLPIMMFDFIVKEFQIYDAYALGADAVLLIVAILTDEELKRLLEYARSYGMEPLVDVHTEEELERALRAGARIIGIGNVDNKTARVDRNTAKRLGRLARERGFSGVLVALLGISEPEEIEELRKAGVNAFLIGETLMKNPEKAKEFKE,
PSVLDAIIAGVREDVAARKAKVSFDELKERAARAPPPRDVLAALRAPGVAVIAIFLKASPSKGDINPDADPEEIIKIYNKYADAITVLTERRYFKGSPEYIQQARKFTNLPILRWDFIVDPAQIYEAKAHGADAILLIVAVLGDRLKEFLKLARELGLHVLVDIHDEEELEIALRCGARLIGILNVDLKTFRVDLETFKKLISMIPPDVIRVAIGGIKNPQQLKDLRGYVDAVLVGEALMRAEDPEKFLKEMRAYAE,
RKEEEIIEAAKKKKQELDEENIQPTRKNHDFLKALLGKERIRIIALFLKASPSKGDINPDADPEEIIRIYNKYADAITVLTEEDFFKGSPDYIKQARKITNLPILRWDFIIDERQILEAAALGADAVLLIVAILTDEQLKSLYEYARSLGMTVETVVSNEEEMKRAIALGAKIIAILNRDLRNMSIDLNRTRQLASQLGPGVVVIAILGIRGPEDLLAAAAAGADAVVVGEGLVTHGDPRQALADLVTAGTHPSCPR,
MEEVLAKIVKDKKKWVEARKQQKPLESFQNTVQPSTRNFYDALQGDKTAFILVCLKASPSKGLIREDFDPARIASVYRHYASAIVVLTDEKYFQGSFDFLRIVSQVAPQPILCFDYIVEPYQIHLARAHGADAVLLMVAALDQDQLRSLLELIHSLGMTALTDVSNEEEAERAIALGAKVIGILNIDLRDLSIDLNRTRQLAPKLGPGVTVISLSGIYNPQQLKDLRGYVDGFLIGTALMRAEDPEKAAREFKAWAE,
DPPILKHVKGVAAEIAKAVKDKQKPKPLPEPPPVRSFEAALRQPGLAIIAIFLKASPSKGDINPDADPEEIIRIYNKYADAITVLTEEDYFKGSPSYIQQARKITNLPILRWDFIVDPYQIYEARVHGASAILLIVAVLGDRLREFIEYARELGLDVLVDVHTQEEAERALAAGAKIIAVLAKDLKTAEVDRSAFDRIADRLPDDVVRVAIGGIYDPRQLKDLRGKFDAVLVGEALMRAEDPKKFLEEMIAWAK,
DNPIVKHVKGEIAAIVKAVLAELKPDQLPEPPPVRSFEAALRKPGVSIICDYARKSPSGMDVERDPIEYAKTAEKYAAALAVLTDEKYFNGSLEDLRKIRSAVDIPVIRLDFIVDPYQIYEARAHGASAIWLIVAVAGDKLKDFYEYARELGLHVIVVVHTEEELERALRAGADIIGILNVDLRTFEVDPNTAMRLGRLARERGFTGLLICIGGIYTYQQVRELSQYADGAVISSALMSQDDLEAALRRVLLGDNKV,
MDQPDLRNVKGEEAKIAKTVKKKLRPKPLEPPPPGRDFEAALRRPGVAIICVYLRKSPSGLDVERDPIEWAKMAEKYAAALAVLTDEDYYNGSLEDLKKIASAVDIPVECMNFIVDPWQIYLARHYQADAIVLILSILSDEAYRQLASVAHALNMGVIVVVHTEEEAERALKLGARIIAIVTLDPKTGDVDRSTFARIADRLPDEVVRICYGGIKDPQELKDLRGKFDAVLVGEALMRAEDPEKFLQDMVKYSQ,
PSAMDAIVAGIREDVAAREARVSFDEAKERAARAPPPRDALAALRAPGVRVIAVVARASPSEGAIRPLDPVEAAREYEKAGASAICVLTDPHFFGGSPEYLKAIRSAVDLPIICFDFIVDPAQIYLARAYQADAIVLIASVLDDEQARQLAAVAHSLNMGVIVDVHDEEDLEKVFSVIKPKIIAILNQDLDTFEVDLNTTEKLLKLIPPDTIVIAVGGIYTYQQVRELSHYANGFFISSALMSEDDLHAAVRRVALGDNKA,
DEAILKHVKGALAEAAKQVALDQKPDQAAEPPPGRSFEAALRRPGVAIIAVYIRKSPSGLDVERDPIEYAKTAEKYAAALAVLTDEKYFNGSLEDLRKIRSAVDIPVERVDFIVDEYQILEAAAAGADCVLLIVAILTPKALASLYEYARSYGMDVIVLVHTEEELERALRLGAKIIGILNQDLRTFEVDRNTFERLGRLARERGFTGVLIATLGARGPEDLLHYAAAGADAVYVGQGLVTHGDPRQALADLATAGTHPSCPR,
RKLEEIIEAMKKKRQEIPEENIQPQRSNHAFYKALLGKERLKIILICLKASPSKGLIREDFDPVRIASVYRHYADAITVLTDEKYFQGSFDFLRQVAAVAPQPILCWDFIIDPAQIYLAAHHQADAVVLILSVLSDEQYRQLAAVAHSLNMGVVVDVHDEEDLRKVFSVLKPKIIAILNRDLDTFEVDLNTTEKLLKLIPPDTIVIAVGGYSTPEQLKSLEGLADAVLIGESLMTAPDIAAKLRELVG,
MDAADLRNVKGLLAKIAKTIYKKLRPYPLPEPPPGRDFEAALRRPGVAIICAYARKSPSGLDVERDPIEWAKLMEKYAAALAVLTDEDYYNGSLEDLQKIRSAVDIPVERVDFIVTEYQVYEARAHGADVVLLIVAALEEEALRSLYELIQSLGMVAIVLIHDEEDLEIALRAGAQMIGIVAQDKRTQQVDLETFKRLISLIPPEIIIIAVGGVSEPEQLKELAKLGVDAVYIGETLMRNPEKIKEFHK,
PRSLEGWLKEVVQRAMRRPSYEAQRKKPIISLASRILEAKKRGKIAIIAIFLKASPSKGDINPDADPEEIIRIYNKYVDAITVLTEEDFFKGSPEYIKQARKATDLPIIRWDFIVDPYQLYEAAAIGADVVLLIVAVLGDRTAEFYKYAKELGLDVEVLVHDEEDLEKVFSYCKPKVIAILNEDLKTFKVDLNTTEKLLKLIPPDCVIIAIGGIYDPRQLKDLRGKVDAVLIGEAIMRAEDPKKFLREMIAWAE,
MEEVLAKIVRDKAIWVEARKQQKPIESFRDTVQPSTRNFYQALTGDRTAFIALYLRKSPSGLDVERDPIEYAKTMEKYAAALIIVTDEKYFNGSLEDLRKIRSAVSIPILRWDFIIDEWQIYEAALAGADCVLLIVAILDDEELKSLYEIARSLGMDVLVDVHTEEELERALKAGAKVIGINNTDLRTMEVDRNTAERLGRLARERGFTGVLVAISGIYNPQELKDLRGYFDAVLIGTSLMRAEDPKKALKELVAWAE,
MEEVLAKIVKDKAIWVEARKQQQPLESFQNKVQPSTRNFYDALQGDRTAFIALYLRKSPSGLDVERDPIEYAKIMEKYAAALIVLTDEKYFNGSFEDLRKIASAVNIPILRWDFIIDEYQIWQAAYYGADAILLIAAILDDEQLKELYEIARELGMDVIVDVHTEEELERALKAGARVIGIGNMDYKTMEVDLNTSERLGRLARERGFSGVLISFSGIYNPQQLKDLRGKFDGVLIGTALMRAEDPKKKAAEMVAWAE,
RKLEEIIEAAKKKKQELPEENIQFQLKNHAFLKALLGKERIKIIAIFLKASPSKGDINPDADPEEIIRIYNKYVDAITVLTDEDFFKGSPEYIKQARKATNLPILRWDFIIDESQILEAAALGADAILLIVAILSPEQLKSLYEYARSYGMEPIIDVHDEEDLEKVFSVIKPKIIAIINRDLDTFEVDLNTTEKLLKLIPPDTIVIAVGGIYDPRQLKDLRGKVNAVLVGEALMRAEDPKKFLKEMIAYAE,
MPSVMDSIVSGAKQDMSAREAKISFDELKELAERAPPPLDVMAHLRAPGLQIICVYVRKSPSGLDVERDPIEWAKMVEKYAVALVILTDEKYYNGSLEDLKKIRSAVNIPIICADFIVDESQILQAKVAGADAVWLIVAILSPDQLKRLIEFARSLGMQPLIMVHTEEEADRALKAGARVIEINAQDIHTGDVDQSAFERIADLLPDEVVRICVGGIKDPQQLKDLRGKADAVLVGEALMRAEDPKKFLQDMLKYAH,
HHPSTGWLKTVALLAAHRPKFIDEMEKPIRKLLEAVLEANKRNITAIIALFTRATPSEGDINAHANLEKFIRMYAELARAISIMTEKHYNKGDPAFIKHARNLTNRPIIMFDFIIHEDQIESAYNVGADLIVLIMSLLTDDLLATLIKYAKKYKMVPLIDVHTEEEAKRALKIGVKVIVVVPIVLDTGDVDEEAIEKIARNLPPEVQIIAAGGIKDPRELKDLRGKVNAVIVGTSIMKAEDPRAFLEKMRKHSH,
PSALDAIVAGAREDLAAREARLSFDELKEQAARAPPPRDALAALRAPGVSVIADYMRKSPSGVDVERDPIEYAKTAEKYAAALAVLTDEKWFNGSLEDLRKIASAVSIPVIAVDFIVDPAQIYLARAYQADAIWLILSVLDDEQARQLAAVAHSLNMGVLVVIHDEEDLEIALRIGARLIGILSRDLKTFEMDLETTKKLISMIPPDVIIITIGGIYTYQQVRELSHYANGFIISSALMSEDDAEAAIRRVALGDNKA,
PSIMDAIVAGVREDVAAREARLSFDELKEQAERAPPPRDALAALRAPGVSVIAVVTRASPTAGAIRPLDPVEAARIAEEGGASAIAVLTDPKYFGGSDEYLKAIRSAVDLPILCINMIVDPAQIYLARAHQADAIILIASVLDDEQYRQLAAVAHSLNMGVLVIVHTEEEAERALAAGAKVIGVLARDWKTAEVDRSAFARIADRLPDDVVRISEGGIYTYQQARELSHYANGFLIGSALMSEDDLEAAVRRVALGDNKA,
MDQPDLRHVPGEQAEIAKTIKKSLRPKPLPPPPPGPSVESALRRPGIAIICLFIKASPSKGDINPDADLESIIRMYDKYADAIVILTEPHYGKGSLEYIKKARNYTNLPIIRQDFIVDESQIYEAKAAGADAVLLIVSILEPKALKDLYEYARSYGMDPYTLISTEEEMKRALALGAKIIAILNIDLRDNSIDLNRTKHLAPQLGPGIVIEAVGGIYNPQQLKDLRGLVDAVLIGEAIMRAEDPKKFLQDLLKYAE,
MEEVLAKIVRDKAIWVEARKQQQPIESFRDELQPSTRNFYQALTGDRTAFILVCIKASPSKGLIREDFDPVRIASVYRHYADAIVVLTDEKYFQGSFDFLRQVSKVAPQPVLCWDFIIDEYQIRLAAAAGADAILLIAAILDKDQLKELYEAAKELGMDCLVDIHDEEDLERALRAGARLIGINSTDLKTNEVDLETTKRLISLIPSDVVIVSISGIYNPQQLKDLRGYVDAVLVGTAIMRAEDPKKFCKEMVAKAE,
PSAADAAVAGAREDVAAREARVSFDELKERAARAPPPRDALAALRAPGVAVIALFVKASPSKGDINPNADPEEIIRIYNKYADAIVVLTEKDYFKGSPEYIQQARKATNLPIICWDFIVDPAQIYLARAYHADAIVLMASVLDDEQYRQLAAVAHSLNMGVFVDVHTEEEAERALALGAKIIAVLARDLKTAEVDPSAFARIADRLPDDVVRLAVGGIYTYQQVRELSHYANGFFIGSALMSEDDAEAALRRVALGDNKA,
PSALDALVAGAREDVAAREARVSFDELKERAARAPPPRDVWAALRAPGVQVIAICLKATPSKGLIREDFDPARIAAVYRHYASAIAVITDEKYWQGSFDFLRIVRNVAPQPILCLNMIVDPAQIYLARAYQADAVLLIASVLDAEQARQLAAVAHSLNMGVLVVVHDEEDLEKVFSVIKPPLIGIENLDLDTFEIDLNTTEKLLKLIPPDTIVVAIGGISEPEQIKRLAKLGVDAVMIGETLARNPDKAAEFKE,
PTALDDINTNVRKEQSRRNAKVSYNDFKAAAALAPPPCDVQAALRSPGLVIIVVCLKASPAEGLVRDDFDPRRIAALYRQYAVAIVVTTDPTAFQADFSFIRIIAQIAPQPIIAYDFYIDTVQVYAAKAFGADAIVIIVRILTEEQIKNIYEAAEELGMDPFVDIFSEEDWEKVASVIRPKIIVIVTTDLDTFKTDKSILWKLMKLIPPNTIILATGGIEDPRELKDLRGKVNAVFISTSIMRAPDPRAFLEKLEKHAH,
PRYAKGWLKDVIQHALRRPLIEAQRDRPIISLAERILEANKRNKVAIILVCLKASPSKGLIREDFDPLRIASVYRHYASAIVVLTDEKYFQGSFDFLRIVSQVVPQPVLCFDFIVDEYQIYLAYALGADAILLIVAILTDEQLKELYEIARSLGMDALVDVHDEEDLEKVFSVMRPKLIGITNTDWKTFETDLDTTKKLAKLIPPDTIIVAISGISEPEQIERLRKLGVNAFLIGTTLMRNPDKASEFKE,
SEKWKIMKQVAEDFTQMEAENMIPQIRNHLFLQHLSGKYRVKIIAVYTNKAPDGLSSNMDHIEYAKTAAHIAAALVIVTDEKHFNGSRETLRKIASSVDIPLLHWYFIIDPTAIRDAAANNVDAVVLILDILDDDQYRQLWAVAAALHLDVVVDIMCEKYMHRAIALGARDVAILNIDLENQQIDLNWTRKLANKLGHNVTVIAVSGISEAEQLEELRKLGVNAAVISATLMNNPEKIWELNR,
RKKEEIIEAQKKKKQNLEEENIQPQRTNHNFLKALLGKERICIIAIFIKASPSKGDINPDADPEEIIRIYNKYADAITVLTEEDFFKGSPSYLQQARKYTNLPILCWDFIIDPAQIYLAAHYQADAIVLILSVLNDEQARQLAAVAHSLNMGVLFDVHDEEDLEKVFSVIKPKIIAIINHDLDTFEVDLNTTEKLLKLIPPDCLVICIGGIYDPRQLKDLRGKVNAILIGEAFMRAEDPKKFLQDLLAYAE,
MEEVLAKIVKDKAIWVEARKQQQPLESFRDEVQPSTRNFYQALTGDRTAFIAWVGRASPSEGDIRPLDPVEAARTYEEAGADAIAVLTDPKYFGGSLEDLKAVRSAVDLPILCIDFIIDPYQIYLARYYQADAILLMLSILDDEQYRELAAVAHSLNMGVLVEVHDEEDLEKVFSVMRPKIIGINNTDLATFETDLNTTEKLLKLIPPDTVVISWSGIYDPRQLKDLRGKVDAVLVGTAIMRAEDPKKFCKEMIAWAE,
PSVLDEIIAGAREDVAARAAYLSMDELKELAARAPPPRDAMAAFRAPGVAVILLFTKASPSKGDINPDADPAEIIKIYNKYADAIVVTTDEKYFKGSPEYLKEARKHTNLPLLCFDYIVDPYQVHEARAHGADMVLLIVAALDQDQLRSLLELVHSLGMTALVDVHDEEELERALRAGARVIGILSRDLKTNEVDLETSKKLASLIPSDVIIISISGIYNPQQLKDLRGYFDAFIVGTALMRAEDPDKKCREMRAWAE,
SRPDLTNVPGDLGEWARARASVCKPHPVPCPPDCSSFYEALLRPGLALIAVCLKASPSTGLVRDDFDPVRIAAIYRQYAAAIIVATAREVFQADNNFIRIIAQIAPQPIIKWDFITDPFMLEAAWAFGAAAIVLIVALAGHLTGEYLEIANRYDLFVLVDINDEHDLELALRAGAPIIVINAKDLATNEIDKENQKKLISMIPPNVMVIAAGGYSRKEELKSLEGLADAVIISTSIMKAPDPEAFMRKLLG,
MPSVLDAIISGVRADVSARKAKVSFDELKERAERAPPPRDALAVLLAPGVQIILVCLKASPSKGLIREDFDPLRIAAVYRHYASAIAIITDEKYHQGSFDFLRLVRSVAPQPIICIDFIVDPAQIYEAKAHGADAILLIVAVAGDRLKEFYDLARKLGLDVIVLVHTEEELERALRAGARIIEISNVDLRTGEVDISVFEHLARLARERGFTGVLISYGGIYTYQQLKELSKLADGFVISEALMSEEDLETAVRRLLLGDNKV,
RKWEEIIEAQKKKKQELLEENIQFQRKNHSFLKALLDKSRIKIIAMFLKASPSKGDINPNADPEEIIKIYNKYADAIEVLTEEDFFKGSPDYIKQARKATNLPILCWDFIIDEAQIYEAAAAGADAILLIAAILDKDQMKELYEAAKELGMDVLVAVHTEEEAERALAAGAKIIAVIALDLKTAEVDRSAFARIADRLPDDVVVIAYAGIRGPEDLLAAAAAGADAVIVGEGLVTHGDPRQALADLVTAGTHPSCPR,
PSALDAAVAGAREDVAAREARLSFDELKEQAARAPPPRDVLAALRAPGVAVIAVVIRTSASKGPLASIADPAALAREYEAAGAHAIEVITERRRYKGSLEDLDAVRAAVDVPVLCFDFIVDPAQIYMARAYHADAILLMLSVLDDEQARQLAAVAHSLNMGVLVQVHDEEDLEKVFSVIKPKIIAILNRDLDTFEVDLNTTEKLLKLIPPDTIVISISGIYTYQQARELSHYANGFIIWAALMSEADAHAALRRVTLGDNKA,
PRYLKGWLKEVVQHAKRRPSEEAQRKKPIISLASRILEVNKRGKIAIIAMVARASPSEGAIRPLDPVEAAKTYEEAGAAAISVATDPKFFGGSDEYLKAVRSAVDLPIIAVDFIVDPYQIYLARHAQADAILLILSVLDDEQARQLAAVAHSLNMGVEVIVHTEEEAERALAIGAKVIAVWARDMKTFEVDRSAFARIADRLPDDVVRIALGGIYDPRQLKDLRGKFNAVLVGEALMRAEDPKKFMKDMVAWSE,
PSAMDAAVAGAREDMAAREARLSFDELKEQAERAPPPRDALAALRAPGVGVIALFVKASPSKGDINPNADPEEIIKIYNKYADAIIVATERDYFKGSPEYIRQARKATNLPIIAWDFIVDPAQIYMARAYQADAIILIASVLDDEQARQLAAVAHSLNMGVIVDVHDEEDLEKVFSVIKPKIIAIINRDLDTFEVDLNTTEKLLKLIPPDTIVIAVVGARGPEDLLHYAAAGADAVIVGQGLVTHGDPRQALADLVTAGTHPSCPR,
DAAILKHVKGALAAAAKQVKLDLKPKPAAEPPPGRSFEAALRQPGVAIIAVFLKASPSKGDINPNADPEEIIRIYNKYADAITVITEEHYFKGSPEYIQQARKATNLPILCWDFIVDPAQIYLARAYHADAIVLMLSILDDEAYRQLAAVAHSLNMGVLVIVHTEEELERALKAGARIIGIENQDLRTMEVDRNTAERLGRLARERGFTGVLVALGGYSTKEELKSLEGIFDAVLIGESLMRAPDIAAAIRELIG,
DAAIIKHTKGAAAAIAKQVALDQKPKPAAEPPPGRSFEAALRRPGVAIILLCLKASPSKGLIREDFDPVRIASVYRHYADAIVVLTDEKYFQGSFDFIRQVRAVAPQPILCADFIVDEYQIYEAAAAGADAIFLIAAILTDKAIKDLYEAAKELGMDVLVIVHDEEDLEKVFSVIKPKIIGINNRDLATFEVDLNTTEKLLKLIPPDTVVVAEGGYSTKEQLKSLEGLADAVLIGESLMRAPDIAAALRELRG,
MEEVLAKIVRDKRIWVEARQQQQPLESFQNQVQPSTRNFYDALQGDKAVFIAVYMRKSPSGLDVERDPIEYAKFMEKYAAGLTVCTDEKYWNGSYEDLKKIASAVSIPILMFDFIVDEYQIFDARALGADAVVLFVAILSEEELKSLLEYARSYGMEPLIDIHDEEDLEIALKIGARLIGVGSRDLKTNKVDLETQKRLISLIPSDVIIVAIGGISEPEQVKELRKLGVDAFLIGSTLMRNPEKIKELTE,
PSVLDAIIAGVREDIAAREARVSFDELKERAARAPPPRDVMAALRAPGVAVIALFIKASPSKGDINPDADPKEIIRIYNKYADAITVLTEKDYFKGSPEYLRQARKHTNLPLICLDFIIDPAQIYLARAYQADAIVLILSVLDDEQYRQLAAVAHSLNMGVFVDVHTEEEAERALAAGAKVIAVLAWDLKTAQVDKSAFKRIADRLPDDVVRVAIGGYSTKEELKSLEGVFDAVFVGESLMRAPDIAAALRELIG,
MEEVLAQIVKDKAIWVEKRKQQQPLESFRDTLQPSTRNFYQALTGDRTAFIAIYLRKSPSGLDVERDPIEYAKTMEKYADALIVSTDEKYFNGSLEDLRKIRSAVSIPILCYDYIVDSYQIWEARAHGADAVLLIVAALDDEQLRELYERIESLGMDALVDVHTEEELERALKLGARIIGIGNMDLRTMEVDRNTAERLGRLARERGFTGVLVAISGISEPEEVERLRKAGVDAVMIGSTLMRNPDKAKEFKE,
PSVLDEIIAGARADVAARRAQVSLDELKEQAARAPPPRDAMAAFRAPGVAVILDCLKASPSKGLIREDFDPARIASVYKDYADAIAVITDEKYFQGSFDFLRIVSQVAPQPILCFDFIVDEYQVWEARAHGADMVLLVVAALDDDQLRSLLELIHSLGMTALVIIHDEEDLEKVLSHCRPKLIGIANTDWKTFETDLNTTEKLAKLIPPDTILIAVGGIYNPQQLKDLRGYVDGVIVGTALMRAEDPEKAARELRAWAE,
PSALDAIVADVREDVAAREAVVPFDEIKERAARAPPPRDVLAALRAPGVGIIAIYLRKSPSGLDVERDPIEYAKTAEKYAVALTVLTDEKYFNGSYEDLEKIRSAVDIPVICFDFIVDPYQIYLARAYQADAIVLLLSVLDDEQYRQLAAVAHSLNMGVIVDVHTEEELERALKAGAEIIGILNQDLKTFEVDRNTAERLGRLARERGFTGVLLAIGGYSTKEELKSMRGLFDAVLIGESLMRAPDPEKAIRELVG,
PSALDAIVAAVREDVAAREAYVSFDEMKERAARAPPPRDALAALRAPGLGVIAIYIRKSPSGLDVEQDPIEFAKTMEKYANALAVVTDEKYFNGSLEDLRKIASAVSIPVIRIDFIIDEYQIYEAKAMGADAIWLIAAILDDEQLKKLYELAKELGMDVLIAVHTEEELERALRAGAEIIGIDNRDLKTFEVDPNTTERLGRLARERGFTGVLIAVGGIYDPRQLKDLRGYFDAILVGEALMRAEDPKKFLKELKAWAE,
MEEVLAKIVRDKKIWVEERKQQQPLESFRDKVQPSTRNFYDALQGDRTAFIALFTKASPSKGDINPDADPVEIIKIYNKYADAISVLTDEKYFKGSPEYLKEIRKHTNLPLICANFIVTPYQIWLARAHGADVVLLIVAALDQDQMRALLELIHSLGMTAVVDIHDEEELEIALRLGARIIGIGNRDLKTNEVDLETTKKLISLIPSDVIIISFSGIYDPRQLKDLRGYVDAFLIGTALMRAEDPEKFLKELIAWIE,
PSVLDEIIAGVREDAAARKAKVSYDELKERAARAPPPRDVMAAFRAPGVAVILVCLKASPSKGLIREDFDPARIAAVYRHYANAIVVLTDEKYFQGSFDFLRIVSSQAPQPILCFDFIVTPYQIWEARAHGADLVLLIVAALDQEQLRSLLELVHSLGMTAIVDIHDEEDLEKVLSHVRPKIIGIHNTDYKTFETDLNTTEKLAKLIPPDTIVISFSGIYTYQQVRELSHYANGFLIGSALMAEDDLEAAVRRVLLGDNKI,
METVLAKIVKDKKKWVETRKQQQPIESFRDELQPSTRNFYQALTGDRTAFILDCIKASPSKGLIREDFDPARIASVYRHYADAIAVLTDEKYFQGSFDFLRIVRNVAPQPVLCIDFIVDEYQIHQARAHGADAVLLIVAAAEDAQLVSLYQRIESLGMTAMVMIHDEEDLEIALRAGARIIGIGSTDLKTNEVDLETTKKLISLIPSDVVIVAFSGIYDPRQLKDLRGYVDAVLIGTALMRAEDPKKFCKELVAYAE,
MEEVLAKIVKDKKIWVEARKQQQPLESFQNKIQPSTRNFYDALQGDKTAFILVCLKASPSKGLIREDFDPVRIAAVYRHYASAIAVLTDEKYFQGSLDFLRQVSSVAPQPILCYDFIVDEIQIYQAALHGADAILLIVAVVGDRLKEFIDVARSLGLDVIVDIHDEEDLEKVLSYCRPKIIGITNTDYRTMETDLNTTEKLAKLIPPDTILISFSGIYTYQQVRELSHYANGFLIGSALMAEDDLEAAVRRVLLGDNKI,
MEEVLAKILKDKAKWVEERKQEQPLESFRDKVQPSTRNFYDALQGDKTVFILVCLKASPSKGLIREDFDPVRIAAVYRHYADAIAVLTDEKYFQGSFDFLRQVSSQAPQPILCWDFIIDEWQIWQARAAGADAVLLIAAALSDEELKSLLEAAKSLGMDVLVDVHDEEDLERALKIGARLIGISSHDLKTNEVDLETTKKLASLIPSDVIIISFSGIYTYQQVRELSHYANGFLIGSALMAEDDLEAAVRRVLLGDNKI,
PRYLEGWLKDVVQLALRRPSIEAQRDRPIINLAERILEANKRNKVAIILVCEKASPSKGLIREDFDPARIAAVYRHHASAIVVLTDEKYNQGSFDFLRIVSQVAPQPVIMYDFIVDPYQIYQAAAHGAAAILLIVAVLGDRLAEFLELAKSLGLEVLVDIHDEEDLEKVLSHCRPDLIGINNTDLKTFETDLNTTKKLAKLIPPDTIIVAISGISEPEQIERLRKLGVNAFLIGSTLMRNPEKAKELKE,
RKEEEIIEAQKKKKQELLEENIQFQRKNHSFLKALLSKERLKIIAIFVKASPSKGDINPNADPEEIIRIYNKYADAISVITDEDFFKGSPEYLQQARKATNLPIECVDFIIDPAQIYLAAHYQADAIWLMLSVLDDEQARQLAAVAHSLNMGVIVLISNEEEMERAIALGAKIVAILNVDLRDFSIDLNRTRQLAPQLGHGVIVISVGGIYNPQQLKDLRGYVNAVLVGEALMRAEDIKKFLQDMIAWAE,
ASVLDEIIAGAREDLAARRAEVSLDEVKERAERAPPPRDAMAAFRAPGVAVILVCLKASPSKGLIREDFDPARIAAVYRHYANAITVLTDEKYFQGSFDFLRIVSSQAPQPIICWDFIVDEYQLAEARAHGADAVLLIVAVAGDRTKEFIDYARELGLDVIVDVHDEEDLEKVFSYCRPKIIGVTNTDWKTFETDLNTTEKLAKLIPPDTIVISVSGIYTYEQVRELSHYANGFLIGSALMAEDDLEAAVRRVLLGDNKI,
PSAMDAIIKGVREDVAAREARVSFDELKEQAARAPPPRDALAHLRAPGVSIIAMFIKASPSKGDINPDADPEEIIKIYNKYADAIAVLTEKRYFKGSPDYLKQARKITNLPLIRVNFIVTPYQIWEARAHGADIVILLVAALEQEQLEELLERVHSLGMHAIVDVHTEEELERALRAGAEIIGILNRDLRTFEVDRNTSERLGRLARERGFTGVLISLGGISSAEEIKRLAKAGYDAVFIGETLMKNPNKIQEFTE,
PSMMDQAVAGAREDMAAREARLSFDELKEQAARAPPPRDVLAALRAPGVAVILLCLKASPSKGLIREDFDPARIAAVYRHYASAIVVITDEKYFQGSFDFLRIVSKVAPQPIICWDFIVDPAQIYLARAHQADAIVLMASVLDDEQARQLAAVAHSLNMGVIVDISNEEEMERAIALGAKVVAIINKDLRDMSIDLNRTRQLAPQLGHGVIVIAISGIRGPEDLLAAAAAGADAVIVGEGLVTHGDPRQALADLVTAGTHPSCPR,
PSALDAIIKGVREEVAAREALVSFDEIKERAARAPPPRDALAALRAPGVALILDCLKASPSKGLIREDFDPVRIASVYRHYASAIAVLTDEKYFQGSFDFLRQVRAVAPQPILCWDFIVDPYQLYEARAYGADAVLLIVAVLGDRLEEFYRLARELGMDVLVIIHDEEELEIALRCGARLIGILNRDLKTFRVDLETFLKLISLIPPDVLIIAILGVRGPEDLLRYAAAGADAVVVGEGLVTHGDPRQALADLVTAGTHPSCPR,
PSVLDSIIAGAKEDIAARRAQVSLDEIKARAAKAPPARDVVAALRAPGVAVILVCEKASPSKGLIREDFDPARIASVYRHYADAIVVLTDEKYFQGSFDFLRIVRKVAPQPILCFDFILDPYQIYLARYYQADAILLMLSILDDEQYRQLAAVAHSLNMGVLVDVHDEEDLEKVFSHVRPKIIGINNTDLKTMETDLNTTEKLLKLIPPDTVVVSSSGIYDPRQLKDLRGYVDAVLVGTALMRAEDPKKFLKEMIAWAE,
MEEVLAKIVKDKAKWVEARKQQQPIESFRDELQPSQRNFYQALTGDRTAFIALFTKASPSKGDINPDADPEEIIKIYNKYADAISVITDEDFYKGSPEYIAQARKHTNLPILCWDYIIDPYQIYLARYYQADAILLMLSILDDEQYRQLAAVAHSLNMGVLVEVHTEEELERALKAGAEVIGIGNFDLRTLEVDRNTAERLGRLARERGFTGVLVAWSGIYNPQELKDLRGYFDAVLIGTSLMRAEDPKKACEEMIAWAE,
PSALDAIVADVREDVAARKAKVSFDELKERAARAPPPRDAEAALRRPGVAVIAIFIKASPSKGDINPDADPEEIIRIYNKYVDAIAVITEREYFKGSPEYIKQARKLTNLPILRIDFIIDEYQIYEAKALGADAIWLIVAILDKDQIKELYEAAKELGMEVIITVHDEEDLEKVFSVIKPKIIAIDNRDLDTFSVDLNTTEKLLKLIPPDTIIIAVGGISEPEQIKRLAKLGVDAVLIGETLMKNPNKIQEFTE,
MPSALDEIVSGAREDMAQREAKVPYEELKERAERAPPPRDVLAHLRSPGLSLLCLYVRKSPSGLDVERDPIEWAKLAEKYADALVVITDEKHYNGSLEDLKKIASAVTIPIIRADFIVDESQIAEAKAAGADAIWLIVAILSPDQLKRLYKYAKSYGMDPLILVHTEEELKRALKLGAEIIEVSNIDLRTHRVDLSVAEHLGRLARKQGFTGVLICVGGIYDPRQLKDLRGLFDAFLVGAALMTAEDPKKFLQDLVAYAK,
PRYLKGWLKDVVQLALRRPSTEAQRDRPIINLAERILEANKRNKVAIIAIYLRKDPSGLDVERDPIEYAKFMEKYAVALIVLTDEKYFNGSMEDLRKIASAVSIPILMYDFIVKEYQIYEAYALGADCVLLIVAILTEEELKSLLEYARSYGMEPIIDIFDEEDLEIALKIGARFIGVTSRDLKTNEVDLETQKKLISLIPSDVVIVAISGISEPEQIEELRKLGVNAFLIGSTLMRNPDKIKKFHE,
PSVLDEIIANVRKDVAARRAQLSLDEVKERAERAPPPRDAMAAFRAPGCAVILICLKASPSQGLIREDFDPARIAAVYRHYADAIVVPTDEKYFQGSFDFLRIVSSQAPQPILCFDFIIDEYQIYEARAAGADAILLIAAVLDREQLKRLYEAARELGMDVLVDVHDEEDLEKVFSAIRPKIIGIVNTDWKTFETDLNTTEKLAKLIPPDTIVIAISGISEPEQIKRMRKAGVDAVMIGSTFARNPDKAAEAKE,
SRADLTNVPGDVGEFARDRASVIKPHPVPCPPKRPSFYEALLRPGLAIIAAYTNKAPDGLSSNIHHQEYALTAAHIAAALVITTDEKYFNGSRETLRKIASSVDVPLIHWDFPMDAAQLLEAAADGVAAVVIDVSALEPKVWAEMFKRTISYGMVPLIDIMCEKYMHEAIALGVRVVVILTIDLENQRIDFNWIRELANKLGGNITVIAVSGISEAEQLEELRKIGVNAVIIGQTLMSNPEKIWELNR,
PSVLDEIIAGVRADVAARAAVVSLDELKERAARAPPPRDAMAAFRAPGVAVLLLCLKASPSKGLIREDFDPTRIAAVYRHYADAIVVMTDEKYFQGSFDFLRIVSQVAPQPILCADFIVDEYQVHEARAHGADMVLLIVALLDQDQLRSLLELIHSLGMTAIVDVHDEEELERALRAGARVICIGNKDLKTNEVDLETAKKLASLIPSDVIIISWGGIYDPRQLKDLRGVYDGFLIGTALMRAEDPEKFLRELKAYAE,
MARELKGWLKDVVEMAKRRPTFLAERKKPIINLAKRILELKKRGKLALIALYMRKSPSGLDVERDPIEWAKFMEKYVVALVVLTDEKYYNGSLEDLRKIRSAVDIPIICVDFIVDPYQIYLARHYQADAIILMLSVLTDEEYRQLASVAHALNMGVIVLVHTEEELERALRLGASMIGIMNTDLRTFEVDRNVAEHLGRLARERGFTGVLEAVGGVSEPEELKRLRKLGFDAVFIGETLMRNPSKIQEFQE,
MEEVLAKIVKDKKIWVEERKQQQPLESFQNQVQPSTRNFYDALQGDKTAFILVCLKASPSKGLIREDFDPVRIAAVYRHYASAIAVLTDEKYFQGSFDFLRQVSQVAPQPILCFDFIVDEIQIYQAALHGADAILLIVAVVGDRLKEFIDVARELGLDVIVDIHDEEDLEKVLSYCRPKIIGINNTDYRTMETDLNTTEKLAKLIPPDTILVSISGIYTYQQVRELSHYANGFLIGSALMAEDDLEAAVRRVLLGDNKI,
MEEVLAKIVRDKAIWVEARKQQQPIESFRDKVQPSQRNFYQALTGDRTAFIALFSKASPSKGDINPDADPAEIIKIYNKYADAIVVLTDEDFNKGSPDYIKEARKHTNLPILMFDFILDPYQIYLAALWGASAVLLIVAVAGDRTAEYYKLAEELGLDVLVDVFDEEDLEKVFSYCRPKIIGIVNTDFATFETDLNTTEKLLKLIPPDTIVVSLSGIYDPRQLKDLRGKVDAFLVGTSLMRAEDPKKAMEEMIAWAE,
PTMLDDMNTEVRKDLAKRNATVSYNDLLALAALAPPPCDVMAALRSPGVGIIAQIIKASPSTGLIRDDFDPKRIAAIFRQYAVAILVTADRSVFQADFNFIRIIAQIAPQPVLALFLIIDPAAIAAAKAAEADAIFLLLSMLDDDQYRQLWAVAAALKMYVLTEVTTEEQAKRALKIGAKVIGVWPIVIWTGDIDLEAIKRIARNLPPEVIIILFQGILVAAIAEELAHHADALIIGKAIMAHDDLHAAMAKIARANKNK,
MEEVLAKIVKDKAIWVEERKQQQPIESFRDTLQPSTRNFYQALTGDRTAFIALVTRASPSQGNIRPLDPVEAAKTYEEAGADAITVLTDPKYFGGSDEYLKAVRSAVDLPILRYDFIIDEIQIYLAALYGADAVLLIVAILSPEELKHLYEAAQSLGMDVLVDVHTEEELERALRAGARIIGIGNTDLRTMEVDRNTAERLGRLARERGFTGVLVAISGISTAEDIKRLRKAGVDAFLIGSTLMRNPDKIKELKE,
RKEEEIIEAAKKKKQELLEENIQFQRHNHRFLKALLGKERIRIIALILKASPSKGDINPDFDPETIIRIYNKYADAITVLTEEDFFKGSPEYLQQARKITNLPILRWDFVVDPAQIWEAAAHGADCIDLIVRVAGDRTAEFYKLASELGLDVLVIVHDEEDLEKVFSYLKPKIIAILNRDLDTFEVDLNTTEKLLKLIPPDTIVVALVGVRGPEDLLRYAAQGADAVVVGEGLVTHGDPRQALADLVTAGTHPSCPR,
PSALDAIVAAVREDVAAREAKVSFDELKERAARAPPPRDVLAALRAPGVQVILVCLKASPSKGLIREDFDPVRIASVYRHYASAITVLTDEKYFQGSFDFLRQVSAVAPQPILCWDFIIDEAQIYEARAYGADAILLIAAILDDDQLKRLYEAAKELGMECEVLVHTEEELERALRAGAEIIGILNVDLKTFEVDRNTALHLGRLARERGFTGVLICVGGIYTYQQVRELSHYADGFVISSALMSEDDLEAAVRRVLLGDNKV,
MEEVLAKIVKDKAIWVEARKQQQPLESFRDEVQPSTRNFYQALQGDRTAFILDCIKASPSKGLIRDDFDPARIAAVYRHYASAIAVLTDEKYFQGSFDFLRIVSSQAPQPIICFDFIIDPYQIYLARYHQADAILLMLSVLDDEQYRQLAAVAHSLNMGVLVTIHDEEDLEKVLSVCRPKIIGIGNTDYRTMETDLNTTEKLAKLIPPDTILISISGIYDPRQLKDLRGYVDGILVGTALMRAEDPGKFCRELVAWAE,
MDQPDLRNVKGEAAKIAKTLRKDLRPDQLPEPPPVKSLESALRRPGLAIICQYIRKSPSGLDVERDPIEWAKLMEKYAAALVVLTDPKYYNGSLEDLRKIRSTVDIPIIRQDFIVDPYQLYEARAHGASAILLIVAILGDKLKDFIKIARELGLDVYVLVHTEEELERALKAGARIIGISNTDLRTHTVDMSVAEHLGRLARKRGFTGLLECVGGIYDPRQLKDLRGLFDAFLVGEAIMRAEDPKKFLQDLVKYAK,
RKMDLIMKQVATDITQMQAENMIPEIRNHLFLQHLSGKYRVKIIAVYTNKAPDGLSANIDHIEYAKTAAKIAAALIILTDEKHFNGSAETLRKIASSVDIPILHYHFIIDPTAIRAAAADKADAVVLIASILDDDQYRQLAAVAHALHLDVVLDITSEEDWEKIASVIRPKIIVIVTQDLDTFTIDKSILWKLMKLIPPNTVVIAASGIKDPRELKDLRGKVNAVIISTSIMKAPDPKAFLEKAEKHSE,
MEEVLAKIVRDKAIWVEARKQQQPLESFRDEVQPSQRNFYQALTGDRTAFIAFYTRKSPSGLDVERDPIEYAKEMEKYAAALVVLTDPKYFNGSMEDLRKIRSAVSIPILRFDFILDPYQIYEAAAMGASAVLLIVAVLGDRTAEFYKLARELGLDVLVDVFDEEDLEKVFSYCRPKIIGIVNTDLATFETDLNTTEKLLKLIPPDVIVVSISGIKNPQQLKDLRGKFDAVLIGTSLMRAEDPGKFLKDMFAWAE,
PRYLKGWLKEVVQHALRRPSVEAQRDRPIINLAERILEALKRNKLAIIAFCLKASPSKGLIREDFDPARIASVYRHYASAIIVLTDEKHYQGSYDFLRIVKQVAPQPVIMYDFTVKEYQIYDAYALGADCVLLIVAILTEEELKRLLEYARSYGMEPIVDIFDEEDLEKVFSACRPKLIGITNTDLKTLETDLNTTERLAKLIPPDTIIIAAGGIRGPEDVLRAAAAGADAVVVGDGLVTHGDPAQALADLVTAGAHPSCPR,
MEEVLAKIVKDKAIWVEARKQQQPLESFQNKIQPSTRNFYDALQGDKTAFILVCIKASPSKGLIREDFDPARIAAVYRHYADAITVLTDEKYFQGSFDFLRIVSQVAPQPILCWDFIIDEIQIYLAALAGADAILLIAAMLDDEQLKELYELARELGMDCLVDVHDEEELERALKIGAKIIGVGNQDLKTNEVDLETSKKLASLIPSDVTIISISGIYTYQQVRELSHYANGFLIGSALMAEDDLEAAVRRVLLGDNKI,
PRDLKGWLRDVVQAALRRPSFEAEPKRPAISIASAIEEAKKRNKAAIIAICEKASPSQGLIREDFDPARIAAVYRHYAAAIYVLTDEKYLQGSFDFLRIVSNVAPQPILCFDFIVDEYQIYRARAYGADAILLIAAILDDDQLKRLYEIAKELGMDVLVEVHTEEELERALRAGARMIGISNMDLRTMEVDRNTAERLGRLARERGFTGVLVAWGGYSTKEQLKSLEGLFDAVLIGTSLMRAPDIEKAARELLG,
DAAIIKHTKGAVAAMAKAVALKQKPEPAAEPPPGRSFEAALRRPGVAIIAVYLRKSPSGVDVERDPIEFAKTAEKYAAAIVVITDEKYFNGSLEDLRKIRSAVDIPVLAYDFIVDPAQIYLARAYAADAIVLILSVLDDEQYRQLAAVAHSLNMGVEVIVHTEEEAERALALGARIIAVLAIDFKTMEVDRSAFARIADRLPDDVVRLAIGGIYTYQQVRELSHYANGAFIGSALMSEDDLEAAIRRVALGDNKA,
MMDADLRNVKGLAAEIAKQIYKDIRPKPLPEPPPGFDFEAALRKPGIAIIAVVLRASPTTGDIKPLDPVEVARIYEKAGADAIEVLTDEKYLGGSLEFLKKIASAVSLPILRWDFIVTPYQIYEARAHGADAVLLIVSALEDEALKDLYARVESLGMVAVVLVHTEEELEKALRIGAKIIGILNMDLRTLEIDRSVALHLGRLARERGFTGVLIALGGYETKEQLKSLEGLFDAVLIWYALVRAPDIETKLRKLIG,
MEEVLAKIVKDKKKWVEARKQKQPLESFRDSLQPSQRNFYQALTGDRTAFIASCEKASPSKGLIREDFDPARIAAVYRHYADAIVVLTDEKYFQGSFDFLRIVRKVAPQPILCWDFIVDSYQIWLARYHGADAVLLIVAALDDEQLRELYERVESLGMTALVDVHTEEELERALKLGAKIIGIGNTDLRTMEVDRNTAERLGRLARERGFTGVLVAFSGIYDPRELKDLRGYFDAVLVGTSIMRAEDPKKACKDMVAWAE,
MDRADLRNIEGRLAEIAKTIAADLQPKPLPPPPPGRNFEAALRRPGIALILACLKATPAKGLLREDFDPVRIAAIYRHYADAIAVITDEKYLQGSMSFLRQVRAVAPQPILCVDFIVDPSQIDEARAAGADAILLIVAILTPEALKKLYEYAKSLGLDPIVEVHTEEELKRALKLGARIIGILNIDLRTGTIDRNVAEHLMRLARKQGFRGVLIAIGGYSTKEELKSLEGLADAVLIWEAIMTAPDIAKKLAKLRG,
PSVLDEIIANARTDAAARRAQVSLDELKEQAERAPPPRDAMAAFRAPGCAVILFCIKASPSQGLIREDFDPVRIASVYRHYADAIVVPTDEKYWQGSFDFLRQVSQVVPQPIFCYDFIVDEYQIAEARAAGADAVLLIVAALSEEELKSLYEFARSLGMDVLVDIHDEEDLEKVLSVIRPKLIGIINTDYKTFETDLNTTEKLAKLIPPDTILVAYGGISEPEQIKRMRKAGVDAVLIGSTVARNPDKAAEAKE,
MHPSKGWLKNVALLALHRPKFIDEMEKPIRKLAETILEANKRNITAIIALFTRATPSEGDINAHANLEKFIRWYAELADAITIMTEKHYFKGDPAFIKHARNLTNFPIIAYDFYHKEEQIESAYNAGADAIVLLTSQQTEDLLATLHKYAKKYKMDTLVDIFSEEDWEKVASVIRPKIIVIVTQDLETFTIDKSILWKLMKLIPPNTVILAAGGYSRKEELKSLEGVFDAVFISTSIMKAPDPRAFMQKLLG,
DHPSTGWLKYVMLAAKHRPMFIDELERPIRRLAETILEFNKRNITAIILVILKASFSTGLDLDDFDPRRIAAIMAQYAAAIVVIADEKWFQQPPLAIRIVAQIAPQPIIAWDFYVDTKQVYAAWAWGADAIVIIVKLLTEEQIKNIYEAAEELGMDTLVDVTTEEEAKRALKAGAKIIVVQPIVDATSEVDEEAIKRIMRNLPPEVIILVAGGIRNAEDLAKAMAAGADGVFIGHGLVTNGDPRAAFQHLVEEGTHPSCPY,
VRELKGWLKDVVQLALRRPSIEAQRDKPIINLAERILEANKRNKVAIIALFTKASPSKGDINPDADPAEIIKIYNKYADAICVLTEEAFNKGSPEYIREARQHTNLPILMWDFIVKEVQIYDAYALGADAVLLIVTILTDEELKRLLEYARSYGMEPLVDVHTEEELERALRAGARIIGIVNTDLKTAEVDRNTAKRLGRLARERGFSGVLVAIGGISEPEEIEELRKAGVNAFIIGETLMKNPEKAKEFKE,
PSAMDAAVAGVREDVAAREARLSFDEIKEQAARAPPPRDALAALRAPGVGVIAVVFRASPSQGAIRPLDPVEAARTYEEGGASAISVITDPKYFGGSDEYLKAVRSAVDLPIERVDFIIDEAQIYEAKAAGADFILLIAAILDAEQIKRLYEAARELGMEVIVLVHDEEDLEKVFSVIKPKIIAILNRDLDTFEIDLNTTEKLLKLIPPDTLVIAVGGIYDPRQLKDLRGKVDAVWVGESLMRAEDPKKFIKEMVAWAE,
PSVLDEIIAGAREDVAARRAQVSLDEIKEQAARAPPPRDAMAALRAPGVAVILVCLKASPSKGLIREDFDPVRIAAVYRHYANAIAVLTDEKYYQGSFDFLRQVSSQAPQPILCEDYIVDEYQVWEARAHGADMVLLIVAALDQDQLRSLLELIHSLGMTAVTAVSNEEELERAIALGAKVVGIPNIDLRDQSIDLNRTRQLAPRLGPGVIVIAWGGIRGPEDLLRAAAAGADAVVVGQGLVTDGDPRQAVADLVTAATHPSCPR,
PSALDAAVAGAREDLAAREARLSFDELKEQAARAPPPRDGLAALRAPGVAVIAVVVRSSASKGPLASIADPAALAREAEAAGAHMIAVLTERRRFKGSLEDMDAVRAAVDVPVLALDFIVDPAQIYMARAYHADAIVLIASVLDDEQARQLAAVAHSLNMGVFIVVHDEEDLEKVFSVIKPKIIAIDNQDLDTFEVDLNTTEKLLKLIPPDTIVVAFGGIYTYQQARELSHYANGFVISSAIMSEADIHAAIRRVTLGDNKA,
MEEVLAKIVKDKRKWVEERKQRQPLESFQNTVQPSTRNFYDALTGDKTAFILLVTRASPSQGNIRPLDPVEAARIYEKAGADAIAVLTDPKYFGGSFEDLRAVAEAVDLPILCADFIVTEYQVHLARAHGADAVLLLVAALDQDQMRSLLELIHSLGMTAVTDVSNEEELERAIALGAKVVGINNIDLRDQSIDLNRTRQLAPKLGPGVIVISYGGIYDPRQLKDLRGYVDGVLIGTALMRAEDPKKFCKELKAWSE,
PSALDAAVAGAREDLAAREARLSFDELKEQAERAPPPRDALAALRAPGVAVIALFVKASPSKGDINPNADPEEIIKIYNKYADAIIVATERDYFKGSPEYIRQARKATNLPLIAWDFIVDPAQIYMARAYQADAIILILSVLDDEQARQLAAVAHSLNMGVIFDVHDEEDLEKVFSVIKPKIIAIINQDLDTFEVDLNTTEKLLKLIPPDTIVIAVVGIRGPEDLLHYAAAGADAVIVGIGLVTHGDPRQALADLVTAGTHPSCPR,
GRPDLTNVPGFIGEWARWRASVIVPHPLPCPPKRPSFATALLRPGLAIIAVYMNKAPDGLSSNIHHGEYAKTAAKIAAALVILTDEKYFNGSAETLRKIASSVDIPILHYEAIVDPTIIYAAAADNAAAVVLIASILDDDQFRQLAAVAKALKLDVVVDITSEEDWEKIASVIRPKIIVIVTTDLATGTTDKSILWKLMKLIPPNTILIATGGYSRKEELKALEGIFDAVIISTSIMRAPDPEAFIRKLLG,
MDAADLRNVKGLLAEIAKQRYKDDRPFPIPPQPPGRDYEAALRRPGLAIICAYMRKSPSGMDVERDPIEWAKLMERYAAALAVLTDPKFFNGSPEDLKKIRSAVDIPVLRVDFIVTEYQVHEARAHGADAVLLIVALLEQEVLESLLALIHSLGMNALVEVHTEEEAERALKAGARIIGILAMDWRTGDVDKTLFERIADRLPDEVVRIAIGGIYDPRQLKDLRGKFDAVLVYEAIMTAEDPEKFLKDMVKYAK,
MEEVLAKIVKDKKIWVEARKQQQPLESFRDQVQPSTRNFYDALQGDKTAFILVCLKASPSKGLIREDFDPARIAAVYRHYASAIVVLTDEKYFQGSFDFLRIVSSQAPQPILCYDFIVDEIQLYLAAYYGAAAILLIVAVLGDRTKEFIDIARELGLDVLVDVHDEEELERALRAGARIIGVNSRDLKTNEVDLETAKKLASLIPSDVTIVSISGIYTYQQVRELSHYANGFLIGSALMAEDDLEAAVRRVLLGDNKI,
DAAILKHVKGALAAIVKQVALDQKPKPAAEPPPGRSFEAALRRPGVAIILICLKATPSKGLIREDFDPVRIASVYRHYASAIAVITDEKYLQGSFDFIRQVRAVAPQPILCVDFIVDEYQIYEARAAGADAILLIAKLLTDKAIKDLYEAAKELGMDCLVVVHDEEDLEKVFSVIKPKIIGIENRDFATFEVDLNTTEKLLKLIPPDTVVVALGGYSTKEQLKSLEGLFDAVLIGESLMRAPDIAAALRELRG,
MEEVLAKIVKDKAVWVEERKQQQPIESFRDKLQPSQRNFYQALTGDRTAFIALYTRKSPSGLDVERDPIEYAKTMEKYADALIVLTDEKYFNGSLEDLRKIRSAVSIPILRYDFIIDEWQIYEAAAAGADCVLLIVAILSDEELKSLYEIARSLGMEVLVDVHTEEELERALKLGARVIGINNTDLRTMEVDRNTAERLGRLARERGFTGVLVAISGISTPEDIKRLKKAGVDAVLIGEALMRNPNKAEEFKE,
MEEVLAKIVRDKAIWVEARKQQQPLESFRDEVQPSTRNFYDALQGDRTAFILSCIKASPSKGLIREDFDPARIASVYKDYASAIAVLTDEKYFQGSLDFLRIVSSQAPQPILCWDFIIDEYQIWLAAYAGADAVLLIAAILSDEELKSLIEAARSLGMEVLVDIHDEEDLEKVLSHIRPKIIGITNQDYRTMEVDLNTTEKLAKLIPPDTILIAYGGVRGPEDLLRYAAAGADAVLVGAGLVTHGDPRQAVADLVTAGTHPSCPK,
PTPQDDHKTNARKDQSKRNASVSYNDFLALAALAPPPCDALAALRSPGVGIIIVLLKASPMTGLIVDDFDPRRIAAIAAQYADALLVATDRTAFQADFSFIRIIAQIAPQPIIAWDFYIDTVQVYAAKAAGADMIVIIVRILTEEQIKNIYEAAEELGMDSLVDIMDETAMHRAIAFGTRIIVIINIDLENQRIDFNWTLKLANKLGGNVTVILVGGIRNAEDLAKAAAAGADAVVIGEGLVTNGDPRAAFIHLLEEGLHPGCPY,
MDQPDLRHTEGAAAKIAKTVLKSIRPRPLPEPPPGRSWESALRRPGIAIICLIIKASPSKGDINPDADPKEILDIYDKYADAIAIITDPHYFKGDDSYIQKARNITNLPILRVDFIVDEIQIEEAAALGADAIWLIVSILTDKALKDLYETARKLGMDVIVTVHTEEELERALKLGARIIEISNVDLRTFTVDRNVAEHLGRLARKRGFTGVLIALGGIYDPQQLKDLRGLFDAVLVGEAIMRAEDPRKFLADMLAYAE,
MDAPDLRNIKGLLAKIAKAVYLDLKPYPLPEPPPVRSFEEALRRPGVAIILVCIKATPSQGLIRDDFDPTRIAAIYRHYADAIAVITDEKYYQGSFSFLRIVRAVAPQPILCVDFIVDPYQLYEARAHGASAIWLIVALLGDLLKKFIDIAKKLGLDPIVLVHTEEELERALKAGADIIEISNVDLTTGEVDRSVAKRLGRLARERGFTGVLIAVGGIYDPQQLKDLRGKFDAVLVGAAIMRAEDPKKFLADMLAYAQ,
MEEVLAKIVRDKKIWVEERKQQQPLESFRDEVQPSTRNFYDALSGDKTAFILVCLKASPSKGLIREDFDPVRIAAVYRHYASAITVLTDEKYFQGSFDFLRQVSNVAPQPILCYDFIVDEYQLYEAAYYGAAAILLIVAILGDRTKEFIDMARELGLDVLVDVFDEEDLEKVFSYCRPKIIGVVNTDWRTLETDLNTTEKLAKLIPPDTIVIAISGISEPEQVKRLRKAGVDGVLIGSTFARNPDKAAEAKE,
MDAADLRNVKGLLAKIAKTIYKKLRPYPLPEPPPGRDFEAALRRPGLAIICLYVRKSPSGLDVERDPIEWAKLMEKYAAALAVITDEDYFNGSLEDLQKIRSAVDIPVERVDFIVTEYQVYEARAHGADAVLLIVALLEEEVLRRLYELIQSLGMVALVLIHDEEDLEIALRAGAQMIGIVAQDKRTQQVDMDTFKRLISLIPPEIIIVAVGGISEPEQLKELAKLGVDAVFIGETLMRNPEKIKEFHK,
PSVMDAIVAGAREDLAAREARVSFDELKERAERAPPPRDALAALRAPGVQVIAVYKRKDPSGLDVEQDPIEFAKTMEKYAAALTVLTDEKYFNGSLEDLRKIASAVSIPVICLDFIVDPAQIYLARAYQADAVVLMLSVLDAEQYRQLAAVAHSLNMGVFVDVHDEEDLEKVFSVIKPKIIAIINRDLDTFEVDLNTTEKLLKLIPPDTIVIAIGGIKEPEQIKRLAKLGVDAVFIGEALMRNPDKEKEFQE,
DHPSKGWLKERALMVKHRPMLIDEVKRPIRRLAETILEFNKRNITAIILVCLKASPSTGLVRDDFDPKRIAALYRQYAAAIVVTIDRKAFQADLNFIRVIAQIAPQPIIAFDIIVDPAAIVAIFAAEATAIVLIAAVLDDDQYRQLAAVAHALDLDVILDIFSEEDWEKIASVIRPKVIVIVTTDLETFEIDKSILWKLLKLIPPNTVKLLSGGIKDPRELKDLRGKVNAVFISTSIMKAPDPRRFLEEARKHSI,
ASVLDEIVAGVREDAAARRAQVSLDEVKEQAARAPPARDAMAAFRAPGVAVMLDCLKASPSKGLIREDFDPARIASVYKDYADAIIVLTDEKYYQGSFDFLRIVSSQAPQPIICFDFIVDPYQIYLARYYQADAILLMLSVLDDEQYRQLAAVAHSLNMGVLVMVHDEEELERALKAGARLIGINNTDLKTNEVDLETTKKLASLIPSDVIIISHSGIYNPQQLKDLRGYFDGVLVGTALMRAEDPEKKCREMKAWAE,
PSVLDEIVAGAREDVAARQAEVSLDELKEQAARAPPPRDAMAAFRAPGCAVVALVTKASPSKGDINPDFDPVEIIKIYNKYADAISVLTDEKYFKGSPEYLKQARKHTNLPLLCWDFIVDEYQIYEARAAGADAILLIVAILDDEQLKELYEAARELGMDVLVDIFDEEDLEKVLSVIRPKLIGISNTDYKTFETDLNTTEKLAKLIPPDTILVAISGISEPEQIKRLRKAGVDGVLIGETLVRNPDKIQEFKE,
RKREEIIEAQKKKKQELPEENIQPQRKNHRFIKALLGKERIGIILLCLKASPSKGLIREDFDPVRIASVYRHYADAIAVITDEKYLQGSFEFLRQVSAVAPQPILCVDFIIDPAQIYAAAHYNADAIWLILSVLNDEQARQLAAVAHSLNMGVLVTIHDEEDLEKVFSVIKPKIIAIDNQDLDTFQVDLNTSEKLLKLIPPDCIVICIGGIYDPRQLKDLRGYVDAILVGESIMRAEDPKKFLKEMIAYAE,
MPSVADAIISGARADMAAREAKVSYDELKERAERAPPPRDVLAAFRSPGLALILICLKASPTKGLIREDFDPLRIAAIYRHYADAIEVITDEKYYQGSFSFLRLVRAVAPQPIIMVDFIVDPSQILQARAAGADAVWLIVAILSPEQLKTLYEFAKSLGMEPLVVVHTEEELEIALKAGAEIIGILNIDLRTGSVDLNVAEHLGRLARERGFTGVLIAIGGYSTPEQLKRLRGLFDAVLIGYSIMTAPDIAAKLKELLG,
MRKLEEIIEAAKKKKQELEEENIQPQMKNHNFLKAMLGNERLKIICTFFKASPSKGDINPNADPKQVIKIYDKYADAIAILTEEDFGKGSFEYIKEARKHTNLPIICWDFILDPRQIYQAAAAGADAILLIVRILDEEQIKRLYETAKKLGMDVLILVHDQEDLRKVFSVIRPKIIEIANQDLDTFSVDLSTTLKLLKLIPPETIIISVGGIYTYQQVKELSQYVHGAVISEALMSEEDLEAAVQRVVLGDNKV,
PSVLDAIVAGAREDVAAREAKVSFDEVKERAERAPPPRDVMAALRAPGVAVICVFLKASPSKGDINPDLDPEEIIKIYNKYADAIEVLTERTYFKGSPDYLKQARKITNLPILCWNMIVDPYQIYLARAYHADAILLILSVLDDEQYRQLAAVAHSLNMGVLTVISNEEEMKRAIALGAKIVAILNQDLRNMSIDLNRTRQLAQQLGPGVIIIAYGGYSTKEQLKSLEGLADAVLVGESLMRAPDIAAAIRELIG,
MIQPDLRNVKGLLAEIAKTVAKDLRPRPLPEPPPGPSFESALRRPGLALLLVCLKASPSKGLIREDFDPTRIAAIYRHYADAILVITDEKYHQGSFSFLRIVRAVAPQPIECLDFIVDEIQIYEAAAAGADAILLIVAILTDEALKHLIEVAKSLGMDVIVVVHTEEEAERALKAGAKIIAINAQDWHTGKVDKTLYARIADLLPDEVVKIAVGGYSTKEELKSLEGVFDAVYIGEAIMRAPDIAKALKKLLG,
MDFPDLRNIKGEAAKIAKQVLKDMRPKPLPEPPPIRPLEEALRKPGVAIICLFVKASPSKGDINPDADLESIIRMYDKYADAIAIITEPHYHKGDDEYIKQARKYTNLPIIRVDFIVDPYQVYQARALGASAIFLIVAILGDLLKKFYKLAKDLGLDVLVMVHTEEELERALKAGADIIEISNVDMRTWEVDRSVAEKLGRLARKRGFTGVLIAVGGIYDPRELKDLRGLFDAVLVGEAIMRAEDPEKFLQDMLAYAK,
MEEVLAKIVKDKAIWVEARKQQQPLESFRDEIQPSQRNFYQALTGDRTAFIAIYTRKSPSGLDVERDPIEYAKTMEKYAAALIVATDEKYFNGSLEDLRKIRSAVSIPILRFDFIIDEWQIYEAAAAGADAILLIAAILDDDQLKELYEAAKKLGMDCIVDVHTEEELERALKAGAEVIGIGNMDYRTMEVDRNTAERLGRLARERGFTGVLVAISGISTPEDLKRLKKAGFDAALIGSSLMRNPDKAEEFKE,
MDQPDLRNIPGLLAKIAKTILKSLRPYPLPEPPPVRSFEEALRQPGMAIICIFVKASPSKGDINPNADLEKLIKIYDKYADAIIILTEPHYHKGDLSYIQKARQITNLPILRFDFIVDPYQIYEARAHGASAVLLIVALLGDKLADFIKIAKKLGLDVLVDVRTQEEADRALKAGAKIIAILALDIHTGKVDMTLFERIADRLPDEVVRVAIGGIKEPEQLKRLQKLGADAVLIGETLMKNPDKIKEFIK,
PSVLDEIIAGAREDIEARKAQLSLDELKERAERAPPPRDAMAAFRAPGSAVVLFCLKASPSKGLIREDFDPARIAAVYRHYANAIAVLTDEKYFQGSFDFLRIVSSQAPQPILCADFIVDEYQVHEARAHGADMVLLIVAALDQDQLRRLLELVHSLGMLALVEIHDEEDLEKVLSVVRPKLIGIYNTDYKTFETDLNTTEKLAKLIPPDTILVAILGISEPEQIERLRKAGVDGFLIGSTFARNPDKAAEAKE,
DHPHKGWLKYVMLMAAHRPMFIDELERPLRKLLEVILEFNKRNITAIIAVYTNKAPDGLSTNLDPGEYAKTAAKIAAALVILTDEKYFNGSYETLRKIASQVDIPLIAFDFYVDTKQVYAAWAIGADAIVILVRLLTEEQIKNIYEAAEKLGMDSLVDIFSEEDWEKVASVIRPKLIVIVTRDLETFEQDKSILWKLMKLIPPNTVILLVSGIHVAADIEEQAHVVDGFFISVALMAHDDIHAAFAKIWEANKNA,
MEEVLAKILKDKAKWIEARKQQQPLESFRDEVQPSTRNFYDALQGDKTVFILDCLKASPSKGLIREDFDPVRIAAVYRHYADAIAVLTDEKYFQGSLDFLRQVSSQAPQPILCWDFIIDEIQIWQARAAGADAVLLIAAALSDEELKSLLEAAKSLGMDVIVMVHDEEDLERALKIGARLIGINSTDLKTNEVDLETTKKLASLIPSDVIIISFSGIYTYQQVRELSHYANGFLIGSALMAEDDLEAAVRRVLLGDNKI,
MDLPDLRNVTGEVAKIAKTVLKDLRPAPPNEPPPGRDVEAALRQPGIAIECLYIRKSPSGMDVERDPIEWAKMAEKYAAALVVLTDEKYYNGSYEDLQKIAQAVDIPVFCSDFIVDPYQIYLARAYQADAIVLMLSILSDEAYRQLATVAHKLNMGVVTIISTEEEMKRALKLGARIIAILNIDLRDNSIDLNRTKHLAPQLGPGIVIIALGGIYDPRQLKDLRGLVDAVLVGEALMRAEDPEKFLQDMVKYAK,
RKEEEIIEAAKKKKQEIPEENIQFQLKNHDFLKALLGKERLKIIAIVLKASPSKGDINPDADPEEIIRIYNKYADAITVLTEEDFFKGSPDYIKQARKVTNLPILRWDFIIDESQILEAAALGADAILLIVAILSDEQLKRLYEYARSLGMTPLVDVHTEEEADRALAAGAKIIAVLAKDLKTADVDRSAFERIADRLPDDVVVICIGGIYDPRELKDLRGKVNAVLVGESLMRAEDPKKFLKEMLAYSE,
MPSVLDAILSGVLEDVAARKAKVSLEELKERAKRAPPPLDALAVLLAPGIAIICLITKASPSKGDINPDADPEKIARIYDKYADAIAILTEERYGKGSLSYIQRIRSTTNLPIICVNFIIEPYQIYEARAHGADLVILLVAALDEEQLRRLYELIESLGMVAITDISTEEEMKRALALGAKVIAIINVDMRDWSIDLNRTKHLAPQLGPGVIIIALGGIYDPRQLKDLRGLVDAVYIGEALMRAEDPKKFLQDLLAYAH,
MPSALDAIISGVRADVAARKAKVSLEELKERAKRAPPPRDVLAALRSPGVAIILLCLKASPSKGLIRDDFDPVRIAAVYRHYADAIAVLTDEKYHQGSFSFLRQVRNVAPQPIICVDFIVDPIQLYEAKAHGADAVWLIVAVLGDRLEEFYDTARKLGLHVLVMIHDEEDLKIALRIGARIIEILAIDLKTFKVDLETQKRLISLIPPEVIIIAVGGIEDPQQLKDLRGYVDAVLIGAAIMTAEDPKKFLADLLAYAE,
PSAADAIVAAVREDLAAREARVSFDELKERAERAPPPRDVLAALRAPGVGVIAVYVRKSPSGLDVERDPIEYAKFMEKYADAIAVITDEKYFNGSLEDLRKIASAVSIPVEMLDFIIDEAQIYEAKAMGADAIWLIAAILDKDQLKKLYEAAKELGMDVIMLVHDEEDLEKVFSVCKPKIIAILNRDLDTFKVDLNTTEKLLKLIPPDTIIITIGGISEPEQIKRLAKAGVDAVMIGETLMRNKDKEEEFRE,
PSVMDAIVAGAREDMAAREARLSFDELKEQAARAPPPRDALAALRAPGVSVILLCLKASPSSGLIREDFDPARIAAVYRHYASAIAIITDEKYFQGSFDFLRIVSKVAPQPIICVNFIVDPAQIYLARAHQADACVLILSVLDDEQARQLAAVAHSLNMGVLVDVHDEEDLEKVFSVIKPKIIAIINIDLDTFEVDLNTTEKLLKLIPPDTIVISYGGIYTYQQARELSHYANGFIIGSALMSEDDLEAAVRRVLLGDNKA,
SKMWLIMKMVAHDITQWDAENMIPQIRNHLFLQHLDGKYRVKIIAVCLKATFSKGLIVDDFDPKRIGALYAQYAAAIVVAADRKVFQADFSFLRIIAQIAPQPILFWFFIIDPAAIVAAAANEADAIVLLLAILDDDQYRQLAAVAQALHMDVVVDILCETYMHRAIALGARIVAIINVDLENQQIDLNWTLKLARKLGGNVTVIAISGISEAEQIEELRKAGVNAIMFSSTLAKNPEKIAELNR,
MEEVLAKIVKDKAIWVEARKQQQPIESFRDELQPSTRNFYQALTGDRTAFIALCLKASPSKGLIREDFDPVRIASVYRHYASAIAVLTDEKHFQGSFDFLRQVSKVVPQPVLCWDFIVDSYQIHEARAHGADAVMLIVAALEQEQLEELYARIESLGMTALVEVHTEEELERALRAGAKIIGINNMDLRTMEVDRNTAERLGRLARERGFTGVLVAMGGYSTPEQIKSLRGIFDAVCIGTSLMRAPDIEKKVRELIG,
PSALDAIVAAVREDLAARMAIVSFDELKERAAKAPPPRDVLAALRAPGVGVIAIFVKASPSKGDINPDADPEEIIRIYNKYADAIAVITEKDYFKGSPDYIKQARKVTNLPIICVDFIVDPAQIYMARAYHADAIWLILSVLDDEQYRQLAAVAHSLNMGVFLAVHTEEELERALKLGAEVIGIDNRDLKTFEVDRNVAERLGRLARERGFTGVLIAIGGISSAEEVKRLKKAGFDAFLVGETLMKNPDKIQELRE,
SRADLTNVPGIAGEIARARASEIVPHPIPCPPKVSSFAEALLRPGLAIIAVCLKATPSTGLDLENFDPKKIAALFKQYAAAITAAIDRKAFQADNNFIRIIAQIAPQPILVWDFVVDAAQIVIAAGIYAAAVVLDTSVLEPKVWLEMFKRIASWGMFCCVSVTTERDLQIAIEAGADILIIETTDYKTMRTNIETARRLGRLARKRGFGGILIAAGGYSRKEELKSLEGIFDAVIISTSIMRAPDPEAFIRKLLG,
PSVLDEIVAGVREDAAARRAEVSLDEIKARASKQPPARDAVAAFRAPGVAVILVCQKASPSKGLIREDFDPVRIASVYRHYADAIVVLTDEKYFQGSFDFLRQVRKVAPQPILCWDFIVDPYQIYLARYHQADAILLMLSVLDDEQYRQLAAVAHSLNMGVLVDVHTEEELERALKAGAEIIGINNMDLRTMEVDPNTAERLGRLARERGFTGVLVAHSGIYNPEQLRDLRGYVDAVLVGTALMRAEDPKKFLKEMIAAAE,
PSVLDAIVAGVREDVAARRAHVSFDEIKERAERAPPPLDVLAALRAPGVAVIAVYARKSPSGLDVERDPIEYAKFMEKYVAAIAVLTDEKYFNGSLEDLARIRSAVNLPVECVNFIVDPAQIYLARAYQADAIVLMLSVLDDEQYRELAAVAHSLNMGVFVVVHTEEEAERALALGAEIIAVNVRDLKTAEVDRSAFARIARRLPDDVVKIAYGGISEPEEIKRLAKMGVDAVLIGETLMRNENKEEEFNE,
RKLEEIIEAKKKKKQELPEENIQFQRKNHNFLKALLGSERVRIILICLKASPSKGLIREDFDPVRIASVYRHYADAIAVITDEKYFQGSFDFLRQVAAVAPQPILCVDFIIDPAQIYLAAHYQADAIWLILSVLTDEQARELAAVAHSLNMGVLITVHDEEDLEKVFSVIKPKIIAIDNRDLDTFKVDLNTTEKLLKLIPPDCLIVAVGGISEPEQIERLRKLGVDAVLIGETLVRNPDKAAEFKE,
PSVLDSIVADAREDAAARRAKVSLDEIKEQAARAPPALDALAAFRAPGVQVIAVYTRKSPSGLDVERDPIEYAKTMEKYAAALAVLTDEKYFNGSLEDLRKIRSAVSIPILCVDFIVDPYQIYLARHYQADAILLILSVLDDEQYRQLAAVAHSLNMGVMVEVHTEEELERALKAGAEIIVILNMDLRTMEVDPNTAERLGRLARERGFTGVLVAWSGIYNPQQLKDLRGYFDAILVGTALMRAEDPKKFLKELVAWAE,
DHPVTGWLKKVILLLAHHPYFIDEMEKPIRKLAELVLEFNKRNITAIIALFTRASPSRGDINAHANLEKFIRMYAELARAISIMTEKHYNKGDPAFVKHARNLANFPIIFFLHITRPDLIRAAFAAEADAVVLILSILDDDQYRQLWAVAAALDLDILTDVTTEEQAKRALKIGVKVIVVVPIVSDTDEADPEAIKKIMRNLPPEVQIVAVSGISEAEQLEELRKLGVNAFIISSTIMKNPEKMRELNR,
PDYLKGWLRDVVEAARRRPSKEDEPKKPPISIAEAIEEAKKRNKAAIILVCQKASPSKGLIREDFDPARIASVYRHYASAITVLTDEKYFQGSYDFLRIVSNVAPQPILCWDFIVDESQIHQARSAGADAVLLIVAILTPEELKHLYEYAKSYGMDVLVDVHDEEDLEKVFSVIRPKLIGINNTDLKTFETDLNTTEKLLKLIPPDIIVVSISGIYDPRQLKDLRGKVDAVLVGTAIMRAEDPKKFLKDMIAWAR,
MEEVLAQIVRDKAIWIEKRKQQQPLESFRDEVQPSTRNFYDALQGDRTAFVADFTKASPSKGDINPDADPEEIIRIYNKHADAIGVLTDEKFFKGSPEYLKEARKHTNLPLLRFDFIIDEIQIWQAAAAGADAVTLIVAALSDEELKSLLEAAKSLGMDVLVVVHTEEELERALRAGAKVIGILNMDLKTLEVDLNTAERLGRLARERGFSGVLIAIGGISEPEQIKRLRKAGVDGFIIGESLMRNPEKIKKLKE,
PSAADAAVAGVREDVAAREARVSFDELKERAARAPPPRDALAALRAPGVQVILLCLKASPSKGLIREDFDPARIASVYRHYASAIAVLTDEKYFQGSFDFLRIVRNVAPQPILAVNFIVDPAQIYLARAYQADAIVLIASVLDDEQARQLAAVAHSLNMGVIVFVYDEEDLEKVFSVIKPKIIGIINRDLDTFEVDLNTTEKLLKLIPPDTIVIAIGGYSTKEQLKSLEGLADAVEIGESLMRAPDIAAALRELIG,
MPSVLDAIVAGAREDMAAREAKVPLDELRERAKRAPPPRDVLAALLKPGVAIILLCVKASPSKGLIRDDFDPVRIAAIYRHYADAIAVLTDEKYYQGSFSFLRLVRAVAPQPIICADFIVDESQIYQAKAAGADTVWLIVAILSPDQLKKLYEIAKSLGMDPLILVHDEEDLEKVFSVIRPKIIEILNTDLDTFSTDLNTTEKLLKLIPPETIIVAVGGIEDPRQLKDLRGKVDAVLVGASLMRAEDPKKFLADMLAYAK,
MEEVLAKIVKDKAIWVEARKQQQPLESFRDKVQPSTRNFYDALQGDQTAFIALYLRKSPSGLDVERDPIEYAKFYEKYAAALSVVTDEKYSNGSFEDLRKIASAVNIPILCFDFIIDEIQIYLAAAYGADAIVLWAAILDDEQLKRLYEAARRLGMDCVVDIHDEEDLEKVLSVMRPKIIAIVNTDLRTLETDLNTTEKLAKLIPPDTTVIAIGGISEPEQIKRLRKAGVDAFLIGSTFMRNPDKAKEAKE,
